id,specific_event,abstract_event,trigger
0,中新网4月5日电,声明,电
1,据云南昭通市防震减灾局官方网站消息,声明,消息
2,截至5日14时云南昭通永善县地震,紧急情况,地震
3,已造成21人受伤,状态变化,受伤
4,6个乡镇48所学校受损,状态变化,受损
5,目前电力交通通讯设施修复,状态变化,修复
6,当地调拨帐篷,操作,调拨
7,紧急转移2.1万人,操作,转移
8,4月5日6时40分云南昭通永善县地震,紧急情况,地震
9,成都等四川多地震感,感知,震感
10,5月12日14时28分四川汶川地震,紧急情况,地震
11,15时50分新民网记者电话何女士,动作,电话
12,随即打电话父亲,动作,打电话
13,据何女士介绍,声明,介绍
14,当地房屋震感,紧急情况,震感
15,房顶的瓦片震落,状态变化,震落
16,目前村民躲平地处,动作,躲
17,另有新民网广西网友称,声明,称
18,下午2点半办公室晃动,动作,晃动
19,电话联系朋友,操作,联系
20,陕西富平震感20秒,紧急情况,震感
21,中新社北京五月十三日电,声明,电
22,北京时间五月十二日十四时二十八分四川汶川县地震,紧急情况,地震
23,据中国民政部统计,操作,统计
24,截至十三日九时四川甘肃陕西重庆云南山西贵州湖北九千二百余人死亡,状态变化,死亡
25,倒塌房屋五十余万间,状态变化,倒塌
26,五月十二日晚中共中央政治局会议,操作,会议
27,全面部署当前抗震救灾工作,操作,部署
28,中共中央总书记胡锦涛主持会议,操作,主持
29,决定成立抗震救灾总指挥部,操作,成立
30,李克强回良玉任,操作,任
31,全面负责抗震救灾工作,操作,负责
32,要立即组织人民解放军武警部队民兵预备役医疗卫生人员,操作,组织
33,尽快赶赴灾区,移动,赶赴
34,全力抢救受伤人员,操作,抢救
35,要千方百计向灾区运送食品饮用水药品帐篷防寒衣被,移动,运送
36,抓紧抢修设施设备,操作,抢修
37,尽快恢复通路通电通信供水,状态变化,恢复
38,据中央电视台报道,声明,报道
39,目前近两万解放军和武警官兵到达灾区,移动,到达
40,另有二点四万名官兵空运重灾区,移动,空运
41,还有一万名官兵前往灾区,移动,前往
42,三千名公安消防和特警调往灾区,移动,调往
43,中国国际救援队抵达灾区,移动,抵达
44,国家有关部门行动,操作,行动
45,中国民政部调拨五千顶帐篷,操作,调拨
46,民政部长李学举赴灾区,移动,赴
47,协助指导抗震救灾工作,操作,协助指导
48,卫生部组织十余支卫生应急队伍,操作,组织
49,已启程赶赴灾区,移动,赶赴
50,中国红十字会总会十二日灾区调拨救灾物资,操作,调拨
51,全国总工会灾区拨款一百万元救灾慰问金,操作,拨款
52,多国政府首脑致电中国政府,动作,致电
53,对死难者哀悼,动作,哀悼
54,联合国秘书长潘基文十二日晚致电杨洁篪,动作,致电
55,代表联合国向中国地震死难者哀悼,动作,哀悼
56,美国总统布什十二日声明,声明,声明
57,向在四川地震中的死难者哀悼,动作,哀悼
58,而美国协助中国政府,操作,协助
59,日本首相福田康夫十二日晚致电胡锦涛和温家宝,动作,致电
60,向地震灾区慰问,操作,慰问
61,海外华侨华人捐款捐物,操作,捐款捐物
62,中新社昆明月三十日电,声明,电
63,八月三十日十六时三十分四川省攀枝花市仁和区与四川省凉山彝族自治州会理县交界处地震,紧急情况,地震
64,云南省的楚雄昆明丽江大理震感,紧急情况,震感
65,记者致电该县县委办公室,动作,致电
66,据工作人员介绍,声明,介绍
67,县委书记赶到该县地震局,移动,赶到
68,永仁县各乡镇电话,动作,电话
69,要求从乡镇到居委会统计人员伤亡情况,操作,统计
70,据一位值班官员介绍,声明,介绍
71,而县城一些砖墙倒塌,状态变化,倒塌
72,房屋顶瓦片破损,状态变化,破损
73,另据该县地震局相关人士透露,操作,透露
74,由于手机通讯中断,状态变化,中断
75,乡镇的统计数据汇总,操作,汇总
76,云南省会昆明震感,紧急情况,震感
77,许多市民走上街头,移动,走上
78,丽江市与四川省攀枝花市相邻较近的华坪永胜震感,紧急情况,震感
79,还没有收到报告,动作,收到
80,新华网成都8月30日电,声明,电
81,30日16时30分两地交界处地震,紧急情况,地震
82,已造成部分乡镇房屋垮塌,状态变化,垮塌
83,尚未接到报告,动作,接到
84,两地城区震感,紧急情况,震感
85,但无房屋倒塌,状态变化,倒塌
86,震区人员跑住房,移动,跑
87,当地政府抢险,操作,抢险
88,据仁和区委值班室值班人员介绍,声明,介绍
89,镇上房屋倒塌,状态变化,倒塌
90,没有接到报告,动作,接到
91,到18时12分当地余震,紧急情况,余震
92,沿金沙江一带房屋倒塌,状态变化,倒塌
93,仁和区委、区政府领导赶赴这两个乡镇,移动,赶赴
94,区委所在地仁和镇发现房屋倒塌和人员伤亡,感知,发现
95,据会理县政府值班室人员介绍,声明,介绍
96,该县联系江竹乡,操作,联系
97,该乡学校房屋扯裂,状态变化,扯裂
98,今天14时35分宁夏回族自治区首府银川市地震,紧急情况,地震
99,14时35分左右记者办公室觉得,感知,觉得
100,水桶里的矿泉水晃动,动作,晃动
101,记者四楼跑楼下,移动,跑
102,与记者站邻近的一家学校已把所有学生疏散空旷的场地,移动,疏散
103,新华网兰州5月12日电,声明,电
104,"受强烈地震影响,12日14时30分许兰州市区震感",紧急情况,震感
105,市民走上街头,移动,走上
106,学校疏散人群安全场所,移动,疏散
107,手机通讯受阻,状态变化,受阻
108,今天下午14时30分记者写稿,动作,写稿
109,紧接着房间的衣架摇来摇去,动作,摇来摇去
110,整个房间摇摆,动作,摇摆
111,整座办公大楼摇来摆去,动作,摇来摆去
112,此时写字台书柜发出响声,状态变化,发出
113,楼下院子里有人喊,动作,喊
114,这种摇曳3分钟时间,动作,摇曳
115,近期地震部门没预报,感知,预报
116,记者前往地震部门,移动,前往
117,尼加拉瓜西南部太平洋沿岸11日下午地震,紧急情况,地震
118,尼加拉瓜政府发言人罗萨里奥・穆里略当天全国电视网络证实,声明,证实
119,地震当地时间11日14时29分,紧急情况,地震
120,尼加拉瓜西北部10日地震,紧急情况,地震
121,截至目前1人死亡,状态变化,死亡
122,800多间房屋损坏,状态变化,损坏
123,尼总统奥尔特加11日凌晨宣布,声明,宣布
124,数千名震区内的危房住户转移,操作,转移
125,当地所有学校停课,状态变化,停课
126,主要商业设施关闭,状态变化,关闭
127,记者首都街头看,动作,看
128,人们涌街头附近空地,动作,涌
129,许多民众自10日晚到现在回家,移动,回
130,首都地区许多住宅墙体开裂,状态变化,开裂
131,新华社北京12月23日电,声明,电
132,据国家地震台网测定,操作,测定
133,12月23日8时4分台湾省高雄县地震,紧急情况,地震
134,新华网昆明5月12日电,声明,电
135,12日四川地震,紧急情况,地震
136,对云南的昭通等地部分房屋倒损,状态变化,倒损
137,据云南省地震局监测预报处处长吴国华介绍,声明,介绍
138,记者昭通市感觉,感知,感觉
139,到当日16时许昭通市报告,感知,报告
140,据昭通市地震局局长徐家金介绍,声明,介绍
141,当时有的房屋晃动,动作,晃动
142,公园水池里的水震荡,动作,震荡
143,有几分钟电话中断,状态变化,中断
144,还有一些老房子垮,状态变化,垮
145,目前当地地震部门震情收集,操作,收集
146,新华网太原5月12日电,声明,电
147,12日14时30分左右太原市震感,紧急情况,震感
148,目前当地社会秩序恢复,状态变化,恢复
149,据记者有关部门了解,感知,了解
150,山西省临汾市运城市震感,紧急情况,震感
151,太原市民感到,感知,感到
152,桌子家具晃动,动作,晃动
153,尤其是高层建筑晃动,动作,晃动
154,很多人跑户外空旷地带,移动,跑
155,据迎泽大街一家银行的工作人员介绍,声明,介绍
156,据记者打电话亲友,动作,打电话
157,运城临汾震感,紧急情况,震感
158,通讯员王金虎报道,声明,报道
159,2008年3月21日06时33分02.6秒我区和田地区于田县地震,紧急情况,地震
160,新疆维吾尔自治区党委副书记、自治区主席努尔・白克力批示,感知,批示
161,要求各有关部门工作,操作,工作
162,国家减灾中心、民政部救灾司启动灾害四级响应,操作,启动
163,并派救灾工作组,操作,派
164,和田地委、行署重视,感知,重视
165,立即启动救灾应急预案,操作,启动
166,地委、行署领导临灾区,移动,临
167,自治区民政厅派出救灾工作组,操作,派出
168,受灾20480户44365人,状态变化,受灾
169,倒塌房屋87户201间,状态变化,倒塌
170,损坏房屋1987间,状态变化,损坏
171,倒塌畜棚104个,状态变化,倒塌
172,倒塌蔬菜大棚133座,状态变化,倒塌
173,截止21日12点50分普鲁村受灾434户1953人,状态变化,受灾
174,倒塌房屋57户171间,状态变化,倒塌
175,1302间房屋损坏,状态变化,损坏
176,策勒县山区四乡受灾19976户41752人,状态变化,受灾
177,倒塌房屋30户30间,状态变化,倒塌
178,损坏房屋555间,状态变化,损坏
179,倒塌畜棚34个,状态变化,倒塌
180,洛浦县受灾70户660人,状态变化,受灾
181,损坏房屋130间,状态变化,损坏
182,倒塌畜棚70间,状态变化,倒塌
183,新华网惠灵顿2月2日电,声明,电
184,据美国地质勘探局地震信息网消息,声明,消息
185,新西兰东北部海域2日地震,紧急情况,地震
186,地震新西兰2日晚22时26分,紧急情况,地震
187,位于夏威夷的太平洋海啸预警中心海啸,紧急情况,海啸
188,北京时间2008年11月14日06时53分辽宁省海城市地震,紧急情况,地震
189,详细情况统计,声明,统计
190,中新网2月8日电,声明,电
191,据日本新闻网报道,声明,报道
192,当地时间8日11时34分左右日本福岛县近海地震,紧急情况,地震
193,日本气象厅的地震速报称,声明,称
194,不会引发海啸,操作,引发
195,当地时间8日凌晨2点18分左右日本福岛县近海地震,紧急情况,地震
196,据印度媒体19日报道,声明,报道
197,印度北部锡金邦18日18时10分地震,紧急情况,地震
198,截至北京时间19日晚些时候印度、尼泊尔至少56人死亡,状态变化,死亡
199,200多人受伤,状态变化,受伤
200,目前7人死亡,状态变化,死亡
201,我国西藏自治区启动地震应急预案二级响应,操作,启动
202,国家减灾委、民政部9月19日10时30分启动国家四级救灾应急响应,操作,启动
203,协助开展救灾工作,操作,协助开展
204,据印度媒体报道,声明,报道
205,锡金邦首府甘托克周边地区山体滑坡,状态变化,滑坡
206,已造成包括印度、尼泊尔56人死亡,状态变化,死亡
207,至少200人受伤,状态变化,受伤
208,甘托克陷入一片黑暗,动作,陷入
209,手机信号和网络中断,状态变化,中断
210,中新网4月2日电,声明,电
211,据美国地质勘探局网站消息,声明,消息
212,北京时间4月2日7时46分45秒南美多国发布海啸预警,声明,发布
213,沿海地区疏散,操作,疏散
214,还造成南美国家玻利维亚和秘鲁部分地区建筑摇晃,动作,摇晃
215,地震智利当地时间晚间8时46分,紧急情况,地震
216,位于夏威夷的太平洋海啸预警中心发警告,动作,发
217,智利、秘鲁和厄瓜多尔发布海啸预警,声明,发布
218,智利应急办公室称,声明,称
219,预计一个大的海啸当地时间午夜前到达南太平洋上的胡安・费尔南德斯岛,移动,到达
220,智利北部大地震,紧急情况,大地震
221,2010年2月智利中部和南部强震,紧急情况,强震
222,摧毁许多城镇,状态变化,摧毁
223,共造成超过500人死亡,状态变化,死亡
224,及约300亿美元损失,状态变化,损失
225,中新网5月27日电,声明,电
226,据美联社报道,声明,报道
227,27日早晨印尼中爪哇省日惹市附近强震,紧急情况,强震
228,至少309人死亡,状态变化,死亡
229,大批房屋夷为平地,状态变化,夷为平地
230,距离震中最近的穆罕默迪亚医院官员库斯马万托接受采访,动作,接受采访
231,请告诉中央政府,声明,告诉
232,有大量人员伤亡,状态变化,伤亡
233,房屋夷为平地,状态变化,夷为平地
234,贝斯西达医院管理太平间的工作人员苏班迪说,声明,说
235,我们尸体淹没,状态变化,淹没
236,新华社苏瓦3月26日电,声明,电
237,据美国地质勘探局消息,声明,消息
238,南太平洋岛国斐济附近海域当地时间26日下午地震,紧急情况,地震
239,美国地质勘探局地震监测网数据显示,声明,显示
240,这次地震当地时间26日15时29分,紧急情况,地震
241,太平洋海啸预警中心发布海啸预警,声明,发布
242,北京时间2009年01月25日09时47分新疆维吾尔自治区伊犁哈萨克自治州察布查尔锡伯自治县地震,紧急情况,地震
243,新华社乌鲁木齐1月25日电,声明,电
244,今天上午新疆察布查尔县地震,紧急情况,地震
245,当地党政部门组织救援队,操作,组织
246,目前接到报告,动作,接到
247,据当地政府介绍,声明,介绍
248,当地党政部门负责人和医疗、公安、民政等部门组成的救援队赶赴震中,移动,赶赴
249,详细灾情统计,操作,统计
250,1月25日9时47分新疆察布查尔锡伯自治县地震,紧急情况,地震
251,伊犁河谷地区伊宁市昭苏县博尔塔拉蒙古自治州震感,紧急情况,震感
252,伊犁州党委、人民政府重视,感知,重视
253,派李永兴地震局领导,操作,派
254,"率民政,卫生、公安",操作,率
255,"据初步统计察布查尔,昭苏两县",操作,统计
256,部分居民房屋裂缝,状态变化,裂缝
257,尚未接到情况报告,动作,接到
258,新华网呼和浩特5月12日电,声明,电
259,14时30分左右内蒙古自治区一些地区震感,紧急情况,震感
260,一些群众当地地震部门咨询,动作,咨询
261,当时许多单位工作人员感觉,感知,感觉
262,赶紧从办公室跑楼下,移动,跑
263,随后一些市民朋友了解,声明,了解
264,还有一部分市民拨打电话,动作,拨打
265,14时40分左右记者现场看到,感知,看到
266,一些事业机关工作人员站院内,动作,站
267,通过手机向亲戚朋友询问,动作,询问
268,一些商店工作人员跑店外,移动,跑
269,"除呼和浩特,内蒙古包头鄂尔多斯群众震感",紧急情况,震感
270,中新社昆明八月三十日电,声明,电
271,八月三十日十六时三十分许四川省攀枝花市仁和区、四川省凉山彝族自治州会理县交界处地震,紧急情况,地震
272,记者致电云南省地震局相关负责人,动作,致电
273,该负责人表示,声明,表示
274,关于地震的相关情况数据统计,操作,统计
275,许多市民走街头,移动,走
276,新华社重庆5月12日电,声明,电
277,12日下午重庆多数地区震感,紧急情况,震感
278,梁平县两所小学垮塌,状态变化,垮塌
279,4名学生死亡,状态变化,死亡
280,重庆梁平县礼让镇中心小学顶楼垮塌,状态变化,垮塌
281,10多名学生受伤,状态变化,受伤
282,其中2人重伤,状态变化,重伤
283,梁平县文化镇小学教学楼垮塌,状态变化,垮塌
284,100多名学生受伤,状态变化,受伤
285,部分学生掩埋,操作,掩埋
286,县委书记张道华、县长李志雄指示相关部门和各乡镇,操作,指示
287,收集震灾情况,操作,收集
288,县委书记张道华相关部门负责人察看,感知,察看
289,县长李志雄调度指挥,操作,调度指挥
290,公安、消防医院120车赶往现场,移动,赶往
291,12日14时30分左右酉阳县县城龙潭酉酬大溪丁市后坪微震,紧急情况,微震
292,广大群众房屋跑广场户外空地,移动,跑
293,12日14时30分左右云阳县地动,动作,地动
294,县城内居民感觉,感知,感觉
295,楼房晃动五分钟左右,动作,晃动
296,震感出现后手机信号中断,状态变化,中断
297,居民聚集广场街道,动作,聚集
298,截至目前接到报告,动作,接到
299,大多数居民回到家中,移动,回到
300,云阳县委县政府重视,状态变化,重视
301,受灾情况收集,操作,收集
302,新华社圣何塞1月9日电,声明,电
303,哥斯达黎加红十字会9日新华社证实,操作,证实
304,"截至当日下午14时,8日地震",紧急情况,地震
305,已经造成6人死亡,状态变化,死亡
306,另有42人失踪,状态变化,失踪
307,至少2647人受灾,状态变化,受灾
308,其中1228人无家可归,状态变化,无家可归
309,哥斯达黎加国家紧急情况委员会红十字会目前震中附近区域救援,操作,救援
310,出动10架直升机,操作,出动
311,救助被困民众,操作,救助
312,哥斯达黎加首都圣何塞附近8日地震,紧急情况,地震
313,圣何塞市震感,紧急情况,震感
314,截至9日上午10时该地区余震,紧急情况,余震
315,人民网记者孙海涛报道,声明,报道
316,贵阳市区震感,紧急情况,震感
317,4、5层楼上感觉,感知,感觉
318,20层以上楼内吊灯甩动,动作,甩动
319,鱼缸内水晃出,状态变化,晃出
320,人们躲到空旷地带,移动,躲到
321,楼内单位下班,状态变化,下班
322,四川省汶川县地震,紧急情况,地震
323,四川、甘肃、重庆、云南等地107人死亡,状态变化,死亡
324,目前灾情统计核实,操作,统计核实
325,新华网圣地亚哥4月10日电,声明,电
326,智利北部城市伊基克市西南部10日晚地震,紧急情况,地震
327,智利大学地震服务局说,声明,说
328,地震智利当地时间10日21时01分,紧急情况,地震
329,智利国家紧急事务办公室表示,声明,表示
330,智利海军水文海洋局紧急事务办公室排除可能性,操作,排除
331,本月1日智利北部地区地震,紧急情况,地震
332,造成6人死亡,状态变化,死亡
333,逾万所房屋受损,状态变化,受损
334,一些城市断水断电,状态变化,断水断电
335,近100万居民疏散,操作,疏散
336,自1日以来智利北部地区余震,紧急情况,余震
337,2日晚伊基克等北部城市在一个小时内地震,紧急情况,地震
338,当地紧急事务部门立即警报,声明,警报
339,并向安全地区疏散约25万居民,操作,疏散
340,北部地区7日余震,紧急情况,余震
341,据日本《读卖新闻》报道,声明,报道
342,印度尼西亚爪哇省日惹周边地区当地时间27日上午6时左右地震,紧急情况,地震
343,据悉由于地震人口密集地区,紧急情况,地震
344,目前死亡突破300人,状态变化,死亡
345,受伤超过数百,状态变化,受伤
346,据印尼当地媒体报道,声明,报道
347,在印尼许多城市震动,紧急情况,震动
348,甚至于印尼北部沿海地区震感,紧急情况,震感
349,受灾严重的爪哇岛中部许多房屋建筑倒塌,状态变化,倒塌
350,当地两个大型综合商业设施倒塌,状态变化,倒塌
351,印尼日惹机场破坏,状态变化,破坏
352,机场塔台受损,状态变化,受损
353,另据日本驻印尼雅加达大使馆报道,声明,报道
354,有91名日本人停留日惹,动作,停留
355,目前收到消息,动作,收到
356,12日下午14时28分左右地震,紧急情况,地震
357,不少市民离开建筑,移动,离开
358,西部网记者地震,紧急情况,地震
359,第一时间赶到陕西省地震局,移动,赶到
360,据陕西省地震局介绍,声明,介绍
361,根据国家地震台网测定,操作,测定
362,此次影响西安和陕西大部分地区的有感地震北京时间2008年5月12日下午14点28分四川省汶川县,紧急情况,地震
363,四川全境陕西甘肃湖北震感,紧急情况,震感
364,详细情况了解,声明,了解
365,记者西安市区看,感知,看
366,高大建筑下道路边聚群众,动作,聚
367,各建筑工地停止施工,状态变化,停止
368,南郊八里村火灾,紧急情况,火灾
369,由于消防队赶到,移动,赶到
370,新华社惠灵顿1月19日电,声明,电
371,据美国地质勘探局报告,声明,报告
372,位于南太平洋的新喀里多尼亚附近海域19日地震,紧急情况,地震
373,当天的地震北京时间11时35分洛亚蒂群岛附近,紧急情况,地震
374,位于夏威夷的太平洋海啸预警中心发布海啸警报,声明,发布
375,人民网杭州2008年5月12日电,声明,电
376,今天14时40分左右杭州市许多市民感觉,感知,感觉
377,特别是7层以上的高层建筑晃动,动作,晃动
378,一些10层以上高楼震感,紧急情况,震感
379,不少高层写字楼工作人员暂避室外空地,操作,暂避
380,目前杭州市民群众生活工作秩序恢复,状态变化,恢复
381,浙江省地震局、杭州市地震局表示,声明,表示
382,受四川汶川地震,紧急情况,地震
383,浙江全省大部分地区震感,紧急情况,震感
384,高层建筑震感,紧急情况,震感
385,地震部门吁请市民,声明,吁请
386,据当地媒体报道,声明,报道
387,下午14时40分左右许多市民拨打电话,动作,拨打
388,杭州日报一位记者说,声明,说
389,挂在天花板上的红灯笼摇晃,动作,摇晃
390,浙江省地震局说,声明,说
391,印度尼西亚官员5月27日表示,声明,表示
392,爪哇省当天地震,紧急情况,地震
393,一些建筑倒塌,状态变化,倒塌
394,并造成至少51人死亡,状态变化,死亡
395,美国地质勘测机构称,声明,称
396,这次地震凌晨5点54分左右,紧急情况,地震
397,还有数十名伤员送往医院,移动,送往
398,而印尼警方表示,声明,表示
399,目前电力和通讯系统瘫痪,状态变化,瘫痪
400,新华社贵阳12月26日电,声明,电
401,贵州省罗甸县26日20时05分地震,紧急情况,地震
402,截至22时记者发稿时罗甸县接到报告,动作,接到
403,罗甸县委书记沙先贵告诉记者,声明,告诉
404,20时左右地震,紧急情况,地震
405,罗甸县委县政府会议,操作,会议
406,启动地震应急预案,操作,启动
407,安排公安武警消防街道巡逻,动作,巡逻
408,同时全县26个乡镇联系,操作,联系
409,要求各地摸查受灾情况,操作,摸查
410,全县所有单位26日晚值班,操作,值班
411,并通过县电视台的滚动字幕将地震消息通报,声明,通报
412,公布应急值班电话,声明,公布
413,经与26个乡镇联系,操作,联系
414,贵州省地震局局长陈本金说,声明,说
415,贵州省地震局赶赴罗甸,移动,赶赴
416,中新网3月21日电,声明,电
417,当地时间20日中午12点02分墨西哥南部地震,紧急情况,地震
418,造成震中附近约800栋房屋受损,状态变化,受损
419,市内高楼晃动,动作,晃动
420,震区格雷罗州的官员称,声明,称
421,有约800栋房屋受损,状态变化,受损
422,60栋房屋倒塌,状态变化,倒塌
423,此后在震中地区余震,紧急情况,余震
424,格雷罗州州长赶往震区,移动,赶往
425,检查受损情况,操作,检查
426,抢修队员和民防部门救灾,操作,救
427,该州说明被疏散的人数,声明,说明
428,在首都墨西哥城公司职员和居民逃出建筑,移动,逃出
429,到大街上躲避,操作,躲避
430,部分地区手机信号等电信通讯影响,状态变化,影响
431,震区部分家庭电力中断,状态变化,中断
432,墨西哥市长称,声明,称
433,供人们报告损失情况,声明,报告
434,墨西哥城机场关闭,操作,关闭
435,机场跑道受损,状态变化,受损
436,新华网雅加达5月27日电,声明,电
437,印度尼西亚中爪哇省日惹市附近27日早晨地震,紧急情况,地震
438,已造成至少443人死亡,状态变化,死亡
439,约2800人受伤,状态变化,受伤
440,此次地震当地时间早5时53分,紧急情况,地震
441,美国地震监测部门报告,声明,报告
442,据中爪哇省一家国营医院的发言人努格罗霍说,声明,说
443,该医院目前接收60名死者,操作,接收
444,另外还有1000多人医院治疗,操作,治疗
445,附近的几家医院接收尸体,操作,接收
446,医院的工作人员说,声明,说
447,房屋的局部或整体倒塌,状态变化,倒塌
448,印尼红十字会说,声明,说
449,死亡443人,状态变化,死亡
450,在日惹南部地区电力系统瘫痪,状态变化,瘫痪
451,部分地区的电话中断,状态变化,中断
452,日惹市的机场跑道被毁,状态变化,被毁
453,印尼总统苏西洛下令,操作,下令
454,军队协助居民,操作,协助
455,印尼每年地震,紧急情况,地震
456,2004年12月26日印尼苏门答腊岛附近海域地震,紧急情况,地震
457,引发了波及印度洋沿岸十几个国家海啸,紧急情况,海啸
458,造成20余万人死亡或失踪,紧急情况,死亡或失踪
459,根据美国地质勘探局地震信息网消息,声明,消息
460,哥伦比亚东北部桑坦德省当地时间7日15时37分地震,紧急情况,地震
461,美国地质勘探局地震信息网数据显示,声明,显示
462,哥伦比亚媒体报道说,声明,报道说
463,洛斯桑托斯市市长卡洛斯・托拉电台采访,操作,采访
464,地震20秒左右,紧急情况,地震
465,很多市民跑街上,动作,跑
466,目前哥伦比亚防灾部门组织人员,操作,组织
467,对相关地区震后情况调查,操作,调查
468,2008年5月12日14时27分57.9秒汶川县漩口和卧龙之间地震,紧急情况,地震
469,原震中处余震,紧急情况,余震
470,14时43分15.1秒余震,紧急情况,余震
471,15时34分47.8秒余震,紧急情况,余震
472,16时08分48秒余震,紧急情况,余震
473,州人民政府启动地震应急预案,操作,启动
474,全州防震减灾系统启动地震应急预案,操作,启动
475,截止16点30分震中区交通通讯中断,状态变化,中断
476,新华社昆明12月26日电,声明,电
477,26日记者了解,感知,了解
478,26日4时20分和5时25分云南省德宏傣族景颇族自治州瑞丽市地震,紧急情况,地震
479,全市共有10512户49789人受灾,状态变化,受灾
480,目前转移安置灾区群众2919户9496人,操作,转移安置
481,房屋倒塌30户99间,状态变化,倒塌
482,重损2769户9626间,状态变化,重损
483,中损2440户7750间,状态变化,中损
484,轻损5406户17406间,状态变化,轻损
485,32所中小学校损坏,状态变化,损坏
486,卫生水利交通电力通信损坏,状态变化,损坏
487,目前医疗卫生部门受伤人员救治,操作,救治
488,各受伤人员医治,操作,医治
489,民政部门核查,操作,核查
490,帐篷等救灾物资调运,移动,调运
491,26日州、市党委政府安排专项应急经费30万元,操作,安排
492,新华网昆明8月20日电,声明,电
493,云南省盈江县20日早晨地震,紧急情况,地震
494,云南省地震局派出30名地震专家,操作,派出
495,于当日7时许昆明赶赴盈江震区,移动,赶赴
496,北京时间8月20日5时35分云南省德宏傣族景颇族自治州盈江县地震,紧急情况,地震
497,"2008年5月12日,北京时间14点28分重庆市合川区震感",紧急情况,震感
498,室内东西倾倒,状态变化,倾倒
499,西南大学育才学院众多学生午睡,动作,午睡
500,许多学生逃出寝室,移动,逃出
501,据相关人士介绍,声明,介绍
502,中新网4月3日电,声明,电
503,北京时间4月3日10时43分智利北部近海地震,紧急情况,地震
504,随后震级上调,操作,上调
505,此后震级修正,操作,修正
506,此前海啸预警取消,操作,取消
507,此前太平洋海啸预警中心智利秘鲁发布海啸预警,声明,发布
508,当局此前下令,声明,下令
509,智利北部沿岸居民撤离,移动,撤离
510,在稍早的北京时间9时58分智利海域地震,紧急情况,地震
511,北京时间4月2日7时46分智利西部海岸地震,紧急情况,地震
512,迄今造成6人死亡,状态变化,死亡
513,智利总统巴切莱特2日宣布,声明,宣布
514,"据了解,海城地区震感",紧急情况,震感
515,营口鞍山辽阳盘锦本溪丹东沈阳大连震感,紧急情况,震感
516,辽宁省地震局派出现场工作队,操作,派出
517,新华网北京5月12日电,声明,电
518,中国地震局新闻发言人张宏卫12日下午通报,声明,通报
519,针对四川汶川地震,紧急情况,地震
520,中国地震局启动一级预案,操作,启动
521,一支180人的救援队集结,操作,集结
522,12日14时48分四川省汶川县地震,紧急情况,地震
523,中国地震局新闻发言人张宏卫说,声明,说
524,宁夏青海甘肃河南山西陕西山东云南湖南湖北上海重庆震感,紧急情况,震感
525,一支180的救援队伍集结,操作,集结
526,准备开往灾区,移动,开往
527,地震造成的人员财产损失统计,操作,统计
528,新华网成都5月12日电,声明,电
529,12日14时28分川西汶川地震,紧急情况,地震
530,成都市许多办公楼的饮水机倒塌,状态变化,倒塌
531,文件柜电视机摇晃,动作,摇晃
532,人们冲下办公大楼,移动,冲下
533,手机信号中断,状态变化,中断
534,位于成都南二环外的火车南站立交桥下地下水管破裂,状态变化,破裂
535,巨大的水流长寿路街道淹没,状态变化,淹没
536,在新华社四川分社附近的嘉云台大楼出现裂缝,状态变化,出现
537,楼层外观变形,状态变化,变形
538,新华社记者赶往四川地震部门震区,移动,赶往
539,将及时报道灾区情况,声明,报道
540,据美国国家地震勘探局网站消息,声明,消息
541,智利2日地震,紧急情况,地震
542,继3日上午10点32分余震,紧急情况,余震
543,智利北京时间3日上午10点56分06秒地震,紧急情况,地震
544,此后北京时间11点11分14秒余震,紧急情况,余震
545,此后智利北京时间上午11点40分32秒地震,紧急情况,地震
546,随后北京时间11点45分55秒12点4分45秒智利地震,紧急情况,地震
547,北京时间12点17分57秒智利地震,紧急情况,地震
548,迄今6人死亡,状态变化,死亡
549,人民网重庆5月12日电,声明,电
550,今日下午14:30分左右重庆震动,动作,震动
551,据中国国家地震台网测定,操作,测定
552,北京时间2008年5月12日14时28分四川汶川县地震,紧急情况,地震
553,14:30重庆市渝中区上清寺牛角沱鑫隆达附近建筑震动,动作,震动
554,正在上班的市民下楼,动作,下楼
555,撤离地势空旷的地带,移动,撤离
556,通信信号中断,状态变化,中断
557,"据悉,与此同时重庆沙坪坝区高新区南岸区震动",动作,震动
558,新华网北京8月30日电,声明,电
559,北京时间2008年8月30日16时30分四川省攀枝花市仁和区、凉山彝族自治州会理县交界处地震,紧急情况,地震
560,新华网上海5月12日电,声明,电
561,上海市政府新闻办12日15时45分称,声明,称
562,上海市地震局刚刚提供消息,操作,提供
563,我国地震台网测定,操作,测定
564,5月12日14时28分四川汶川县地震,紧急情况,地震
565,上海高层建筑有感,感知,有感
566,新华网马那瓜6月15日电,声明,电
567,尼加拉瓜地震监测局15日宣布,声明,宣布
568,该国西南部太平洋海域当天地震,紧急情况,地震
569,尼地震监测局数据显示,声明,显示
570,地震当地时间11时34分,紧急情况,地震
571,引发市民恐慌,紧急情况,恐慌
572,人们房屋商场逃向室外,移动,逃向
573,多个地区通讯线路中断,状态变化,中断
574,尼总统府发言人穆里略宣布,声明,宣布
575,在该国太平洋沿岸启动海啸预警,操作,启动
576,地震监测局专家称,声明,称
577,是太平洋板块加勒比板块碰撞,动作,碰撞
578,1972年马那瓜地震,紧急情况,地震
579,致万余人伤亡,状态变化,伤亡
580,地表扭曲下沉,状态变化,扭曲下沉
581,中新社成都五月十二日电,声明,电
582,市区主要街道看到房屋倒塌现象,感知,看到
583,四川省阿坝州汶川县境内地震,紧急情况,地震
584,震区通讯中断,状态变化,中断
585,绵阳市三台县水塔倒塌,状态变化,倒塌
586,安县人员受伤,状态变化,受伤
587,成都移动通讯维修,操作,维修
588,有关详情调查了解,感知,调查了解
589,四川省省长蒋巨峰召集省地震局、省军区、省武警总队,操作,召集
590,安排部署相关工作,操作,安排部署
591,成都空军派遣直升机,操作,派遣
592,调查了解震情灾情,感知,调查了解
593,省地震局十二日十五时十五分召开新闻发布会,操作,召开
594,及时将此次地震的震情灾情通报,感知,通报
595,目前四川省地震局组织震后趋势会商工作,操作,组织
596,5月12日重庆市区地震,紧急情况,地震
597,记者街头看到,感知,看到
598,南开中学附近楼房摇晃,动作,摇晃
599,千余市民走街头,移动,走
600,在龙湖花园一带政府机关工作人员走,移动,走
601,一些居民家里的家具倒下,状态变化,倒下
602,新华社西宁11月10日电,声明,电
603,据青海省地震台网测定,操作,测定
604,11月10日9时22分青海省海西蒙古族藏族自治州大柴旦地区地震,紧急情况,地震
605,西宁市、格尔木市等地震感,紧急情况,震感
606,格尔木市委有关负责人罗正刚告诉记者,声明,告诉
607,格尔木市区震感,紧急情况,震感
608,市民跑建筑物,移动,跑
609,青海省地震局工作人员介绍,声明,介绍
610,地震造成的损失调查,操作,调查
611,中新网昆明1月28日电,声明,电
612,云南省西双版纳傣族自治州委宣传部证实,声明,证实
613,28日20时01分该州景洪市地震,紧急情况,地震
614,西双版纳州委宣传部副部长段金华说,声明,说
615,四川汶川地震,紧急情况,地震
616,甘肃中东部地区有感,紧急情况,有感
617,庆阳市宁县中村乡一位农民说,声明,说
618,群众离家空旷处,移动,离家
619,很多群众离家大街上,移动,离家
620,甘肃省地震局了解情况,感知,了解
621,中国网9月3日报道,声明,报道
622,截至9月3日8时四川攀枝花仁和区和凉山州会理县交界处地震,紧急情况,地震
623,已造成38人死亡,状态变化,死亡
624,北京时间2008年8月30日16时30分四川省攀枝花市仁和区与凉山彝族自治州会理县交界地区地震,紧急情况,地震
625,四川省攀枝花市凉山州云南省楚雄州昆明市震感,紧急情况,震感
626,截至9月3日8时地震,紧急情况,地震
627,982人受伤,状态变化,受伤
628,四川省凉山彝族自治州会理县死亡27人,状态变化,死亡
629,攀枝花市死亡5人,状态变化,死亡
630,云南省楚雄彝族自治州元谋县永仁县死亡5人1人,状态变化,死亡
631,四川省攀枝花市东区西区仁和区米易县盐边县凉山彝族自治州会理县云南省楚雄彝族自治州元谋县永仁县武定县受灾,状态变化,受灾
632,楚雄州大姚县牟定县昆明市禄劝县丽江市华坪县破坏,状态变化,破坏
633,5月12日14时28分四川地震,紧急情况,地震
634,15时50分记者连线姚先生,动作,连线
635,姚先生当时成都市武侯区的办公室打电话,动作,打电话
636,电脑显示器晃,动作,晃
637,抓起手机钱包,动作,抓起
638,手里还拿无绳电话子机,动作,拿
639,准备给远在江苏的家人打电话,动作,打电话
640,坐在他旁边的女同事感觉,感知,感觉
641,据姚先生介绍,声明,介绍
642,成都市很多钢结构的房屋震感,紧急情况,震感
643,当他很多市民疏散室外,操作,疏散
644,"疏散出来的人群中,大家谈论",动作,谈论
645,姚先生新民网记者称,感知,称
646,据一些成都市民说,感知,说
647,成都的伊藤洋华堂武侯店倒塌,状态变化,倒塌
648,中新网乌鲁木齐5月1日电,声明,电
649,中国地震台网测定,操作,测定
650,4月30日14时20分新疆哈密地区哈密市地震,紧急情况,地震
651,哈密市地震局和巴里坤地震台派工作人员,动作,派
652,1日新疆地震局震害防御处处长王坚告诉记者,声明,告诉
653,当日9时40分许接到哈密、巴里坤两地地震局台工作人员电话报告称,动作,接到
654,他们赶到离震中约20公里的地方,移动,赶到
655,山前石头滚落,动作,滚落
656,伊吾县政府负责人表示,声明,表示
657,离震中最近的水库发现任何问题,操作,发现
658,1日地震局工作人员距震中较近的自然村核查灾情,操作,核查
659,新华社莫斯科10月11日电,声明,电
660,俄罗斯南方5个地区11日地震,紧急情况,地震
661,已造成12人死亡,状态变化,死亡
662,该共和国12人死亡,状态变化,死亡
663,当地医院接收伤员105人,动作,接收
664,该地区部分医院超市民房倒塌,状态变化,倒塌
665,山区多条道路损毁,状态变化,损毁
666,位于俄南部的达吉斯坦车臣印古什北奥塞梯共和国斯塔夫罗波尔边疆区当日地震,紧急情况,地震
667,中新网西宁2月22日电,声明,电
668,记者刚刚青海省地震局获悉,感知,获悉
669,甘肃省天祝县地震,紧急情况,地震
670,2月22日12时56分甘肃省武威市天祝藏族自治县地震,紧急情况,地震
671,记者青海省政府应急办了解,感知,了解
672,截至目前收报告,动作,收
673,6月5日15时57分我省渑池县果园乡附近地震,紧急情况,地震
674,3分钟后义煤集团公司千秋煤矿冲击地压,紧急情况,冲击地压
675,造成750米--850米处巷道被损,状态变化,被损
676,正在该段修理巷道的20名矿工困井下,状态变化,困
677,义煤集团公司成立抢险救灾领导小组,操作,成立
678,紧急启动应急救援预案,操作,启动
679,实施抢险救援,操作,实施
680,河南省委、省政府重视,状态变化,重视
681,省委书记徐光春郭庚茂批示,声明,批示
682,要求组织力量全力抢救被困人员,操作,抢救
683,副省长史济春领导赶赴现场,移动,赶赴
684,指导救援工作,动作,指导
685,看望获救矿工,操作,看望
686,截至6月6日4时9人死亡,状态变化,死亡
687,获救矿工医院治疗,操作,治疗
688,千秋煤矿投产50年,操作,投产
689,中新社拉萨六月三十日电,声明,电
690,记者今日上午了解,感知,了解
691,二十九日晚西藏班戈县地震,紧急情况,地震
692,"此前,西藏地震局抗震设防情况了解",感知,了解
693,北京时间六月二十九日二十时四十七分西藏班戈县地震,紧急情况,地震
694,据西藏地震局办公室一负责官员介绍,声明,介绍
695,他们了解情况,感知,了解
696,五月中旬西藏地震局学校医院部分企业调查,操作,调查
697,并向自治区报告,声明,报告
698,目前西藏全区调查,操作,调查
699,同时向边远地区救援队伍配备救援设备,操作,配备
700,据山东省地震台网测定,操作,测定
701,1月7日22时24分我省乳山市地震,紧急情况,地震
702,截止23时30分接到报告,动作,接到
703,地震专家认为,感知,认为
704,1月7日22时24分乳山市地震,紧急情况,地震
705,大众网记者山东省地震局了解,感知,了解
706,山东省地震局启动预案,操作,启动
707,同时派出副局长林金狮带领的9人现场工作队,动作,派出
708,第一时间赶赴震区,移动,赶赴
709,威海烟台青岛市派出现场工作队,动作,派出
710,城市晚报四平讯,声明,讯
711,3月29日早位于四平市铁东区南一纬与南二纬路之间南八经街的一家水暖器材商店火灾,紧急情况,火灾
712,消防官兵到达现场,移动,到达
713,成功救出四名被困人员,操作,救出
714,记者赶到现场,移动,赶到
715,明火消防官兵扑灭,状态变化,扑灭
716,一位消防战士专业器具破拆二楼窗户上防盗网,操作,破拆
717,消防战士屋内小女孩救出,操作,救出
718,一对老年夫妇和一名中年男子从消防二节拉梯上逃,动作,逃
719,今天上午8点43分租住在市区接官亭小区蔡女士准备出门上班,动作,准备出门上班
720,突然家中浴室阵阵浓烟,紧急情况,阵阵浓烟
721,现代快报快讯,声明,快讯
722,现代快报马晶晶现场听到三声爆炸,感知,听到
723,兴隆大街一小作坊火灾,紧急情况,火灾
724,"虽然救火队来了很多,但是由于堵塞加上消防通道缺失,使得火势控制",操作,控制
725,里面隐隐还有鞭炮声传出,移动,传出
726,11时26分建邺区兴隆大街80号一民房失火,紧急情况,失火
727,消防部门接警,动作,接警
728,立即调集兴隆、特一、汉中门共3个消防中队,操作,调集
729,目前现场明火扑灭,操作,扑灭
730,消防官兵清理,操作,清理
731,3月27日晚上10点至3月28日凌晨2点鄂尔多斯市达拉特旗树林召镇210国道35公里周边村庄一村民家蔬菜大棚大火,紧急情况,大火
732,14家村民家草垛起火,紧急情况,起火
733,消防指挥员在前往火灾现场的途中电话指导报警人,感知,指导
734,先对火势控制,操作,控制
735,抵达火灾现场,移动,抵达
736,"只见浓烟滚滚,一片火海",感知,见
737,指挥员指挥消防官兵,感知,指挥
738,10点半左右达旗新能能源企业消防队派出2辆消防车,动作,派出
739,3月28日凌晨2点火灾扑救,操作,扑救
740,广西新闻网象州讯,声明,讯
741,7月24日清晨象州县城建新路与朝阳路交叉路口的一超市大火,紧急情况,大火
742,象州县消防、公安、交警、武警中队等部门近百余人赶赴现场,移动,赶赴
743,经过2个多小时扑救,操作,扑救
744,最终将大火扑灭,动作,扑灭
745,价值140余万元的商品大火吞噬,动作,吞噬
746,当日清晨6时05分象州县消防大队象州县公安局110指挥中心报警调度,操作,报警调度
747,迅速出动20名消防官兵2辆消防车,操作,出动
748,超市内部一片火海,紧急情况,一片火海
749,凶猛的大火超市周围的民房和店铺蔓延,移动,蔓延
750,一组消防官兵两支水枪灭火,操作,灭火
751,另一组消防官兵民警超市东南两面设立警戒线,操作,设立
752,禁止围观群众进入或靠近,移动,进入或靠近
753,同时消防官兵与公安局民警群众疏散,操作,疏散
754,上午8时05分许救援,操作,救援
755,该超市火势压制,操作,压制
756,消防官兵深入超市内部,移动,深入
757,彻底消灭余火,状态变化,消灭
758,8时30分许超市火灾扑灭,状态变化,扑灭
759,造成火灾事故的原因调查,操作,调查
760,中新网5月4日电,声明,电
761,近日瑞典东海岸一所仓库大火,紧急情况,大火
762,仓库内鲱鱼罐头爆炸,状态变化,爆炸
763,被炸飞出仓库,移动,飞出
764,仓库内四名管理员休息,操作,休息
765,迅速逃离现场,移动,逃离
766,昨日7时许东莞万江新村卢屋工业区的一家纸品厂大火,紧急情况,大火
767,浓烟周围十余公里外见到,感知,见到
768,消防部门出动8辆消防车,动作,出动
769,共派出33名指战员,动作,派出
770,最终于上午10时许火情控制,操作,控制
771,所幸大火没有造成人员伤亡,状态变化,伤亡
772,昨日上午9时许记者赶往现场,移动,赶往
773,在南城与万江的交界处看见滚滚浓烟,感知,看见
774,7点不到我听到,感知,听到
775,原来纸厂起火,紧急情况,起火
776,起火纸品厂附近居民徐先生说,声明,说
777,当时浓烟周围天空笼罩,动作,笼罩
778,记者现场了解,感知,了解
779,大火早晨7点多钟,紧急情况,大火
780,9时30分许看见,感知,看见
781,仓库内明火燃烧,紧急情况,燃烧
782,现场一位指挥灭火工作的相关负责人称,声明,称
783,可能是雷电击坏电表或其他设备,状态变化,击坏
784,具体原因调查,操作,调查
785,同时记者了解,感知,了解
786,因此大火幸未造成人员伤亡,状态变化,伤亡
787,直至昨日下午1时许记者离开起火现场,动作,离开
788,新华网昆明4月30日电,声明,电
789,1120名专业扑火队员16个小时扑救,操作,扑救
790,发生在大理市下关镇温泉村委会南面山坡森林火灾,紧急情况,森林火灾
791,明火30日8时10分扑灭,操作,扑灭
792,森防部门调派直升机,操作,调派
793,参加余火清理,操作,清理
794,29日15时50分大理市下关镇温泉村委会南面山坡森林火灾,紧急情况,森林火灾
795,大理市森林公安局调查,感知,调查
796,2014年1月11日凌晨1时27分云南迪庆藏族自治州州府香格里拉县的独克宗古城大火,紧急情况,大火
797,起火原因查明,操作,查明
798,为客栈管理者用火不慎,操作,用火
799,截至2014年1月11日17时46分明火扑灭,操作,扑灭
800,消防官兵搜寻人员,操作,搜寻
801,据初步统计火灾烧毁房屋100多栋,状态变化,烧毁
802,经济损失1亿多元人民币,操作,经济损失
803,中新社北京六月十四日电,声明,电
804,北京市西单购物中心十四日凌晨火灾,紧急情况,火灾
805,所幸未有人员伤亡,状态变化,伤亡
806,火灾十四日凌晨一时四十五分左右,紧急情况,火灾
807,北京市一一九消防指挥中心接到报警,操作,接到报警
808,调派四十部消防车二百六十名官兵,操作,调派
809,凌晨二时四十五分左右明火扑灭,状态变化,扑灭
810,造成西单购物中心一楼商铺毁,状态变化,毁
811,消防部门赶赴现场,移动,赶赴
812,在第一时间对商场内七十九名值班工作人员疏散,操作,疏散
813,十四日上午西单购物中心外围拉起警戒线,动作,拉起
814,并用绿色布围整个购务中心一、二层围,动作,围
815,而中心临街多个小商铺大门紧闭,状态变化,大门紧闭
816,太原新闻网讯,声明,讯
817,昨日下午6时许南内环桥西龙城五交化市场内门面房起火,紧急情况,起火
818,市消防支队调集多个中队,操作,调集
819,经过半个多小时扑救,操作,扑救
820,事故并未造成人员伤亡,状态变化,伤亡
821,晚上7时20分记者赶到,移动,赶到
822,现场火势控制,操作,控制
823,消防人员勘查,操作,勘查
824,该门面房外玻璃窗破裂,状态变化,破裂
825,房内板材燃烧殆尽,状态变化,燃烧殆尽
826,房内三轮摩托车报废,状态变化,报废
827,"""事发时间是6时10分左右我外面客户谈生意",动作,谈
828,店里蹿出火苗,动作,蹿出
829,据该店老板尚先生介绍,声明,介绍
830,该店内15辆崭新的三轮摩托车部分生活用品烧毁,状态变化,烧毁
831,4月25日下午南宁市兴宁路步行街上的190号三楼一民房起火,动作,起火
832,十几间房子大火吞噬,动作,吞噬
833,市民和店主等数百人疏散,操作,疏散
834,消防、民警和市政等部门的150多人奋战一个半小时,操作,奋战
835,终于将大火扑灭,状态变化,扑灭
836,没有造成人员伤亡,状态变化,伤亡
837,目前消防部门调查火灾原因损失,操作,调查
838,2014年1月2日兰州消防官兵处置,操作,处置
839,泰生大厦顶部火灾,紧急情况,火灾
840,当日14时20分许甘肃省兰州市张掖路的泰生大厦顶部火灾,紧急情况,火灾
841,"兰州消防调集6个中队,21台消防车,近200名消防官兵",操作,调集
842,"过火面积约1000平方米,大火人员伤亡",紧急情况,伤亡
843,3月26日下午1时27分普宁市军埠镇一家庭作坊(主要生产内衣)火灾,紧急情况,火灾
844,1时54分火势扑灭,状态变化,扑灭
845,截至发稿时现场解救17名群众,操作,解救
846,"揭阳市委、市政府高度重视,揭阳市委书记陈绿平批示",操作,批示
847,普宁市及有关部门组织搜救,操作,组织
848,尽全力抢救伤员,操作,抢救
849,"同时指派揭阳市委常委、常务副市长陈澄民,揭阳副市长、市公安局局长谢耀琪",操作,指派
850,并成立事故处置小组,操作,成立
851,揭阳市消防部门出动7台消防车45名消防员,动作,出动
852,立即赶赴现场,移动,赶赴
853,普宁市党政主要负责同志赶赴现场,移动,赶赴
854,全力组织灭火和人员救治工作,操作,组织
855,昨天凌晨温州浙南汽车设备回收有限公司瑞安分公司停车场内火灾,紧急情况,火灾
856,200多辆废旧摩托车与废旧汽车烧毁,状态变化,烧毁
857,昨天下午温州浙南汽车设备回收有限公司瑞安分公司停车场工作人员核对摩托车发动机编号,操作,核对
858,数百辆摩托烧,动作,烧
859,该公司副经理张先生说,声明,说
860,200多辆废旧摩托车与30多辆废旧汽车烧毁,状态变化,烧毁
861,堆放在停车场内4吨塑料6吨废旧车胎烧毁,状态变化,烧毁
862,2014年4月29日四川德阳绵竹市新市镇的龙蟒集团一生产硫酸亚铁的车间火灾,紧急情况,火灾
863,12台消防车30多名官兵赶到现场,移动,赶到
864,起火原因财产损失当地有关部门调查,操作,调查
865,3月29日6时57分四平市公安消防支队特勤消防接到119指挥中心调度命令,动作,接到
866,位于铁东区南一纬七马路一家水暖件店铺火灾,紧急情况,火灾
867,中队出动辆水罐消防车、1辆器材消防车、320名指战员,动作,出动
868,赶赴火灾现场,移动,赶赴
869,经过5分钟救援,操作,救援
870,4名被困人员救出,操作,救出
871,并转移安全地带,移动,转移
872,同时火势控制,操作,控制
873,经过10分钟扑救,操作,扑救
874,2014年1月12日广州白云区火灾,紧急情况,火灾
875,一栋6层民宅大火,紧急情况,大火
876,惠州广州一家6口死亡,状态变化,死亡
877,只有家里的小花猫存活,状态变化,存活
878,具体的起火原因调查,操作,调查
879,"广州警方表示,昨日凌晨4时16分三元里大道沙涌北村涌南街一巷19号一栋6层民宅的1楼火灾",紧急情况,火灾
880,4时50分明火扑灭,操作,扑灭
881,"经初步核查,现场6人烟熏",动作,熏
882,"事发后,省委常委、广州市委书记万庆良,市长陈建华,副市长谢晓丹和市有关部门负责人,白云区主要领导及区公安、应急、安监等救援",操作,救援
883,1月14日14时52分浙江温岭市城北街道杨家渭村台州大东鞋厂火灾,紧急情况,火灾
884,经公安消防等部门扑救,操作,扑救
885,大火17时40分扑灭,状态变化,扑灭
886,目前16人死亡,状态变化,死亡
887,现场救出20多名职工,操作,救出
888,目前温岭市第一人民医院收治5名伤员,动作,收治
889,其中4人呼吸道灼伤,状态变化,呼吸道灼伤
890,昨日凌晨海珠区南村路一民居大火,紧急情况,大火
891,导致家中两位老人死亡,状态变化,死亡
892,女主人跟小女儿受伤,状态变化,受伤
893,根据警方调查,操作,调查
894,导致手机充电器爆炸,紧急情况,爆炸
895,昨日凌晨2时30分记者赶到南村路事故现场,移动,赶到
896,大火消防员扑灭,状态变化,扑灭
897,由于险情排除,操作,排除
898,大批受影响的居民回家,移动,回家
899,一名住在对面楼房5楼的住户说,声明,说
900,对面楼501房冒黑烟,动作,冒
901,一对母女站阳台,动作,站
902,大院当晚值班看门的何先生称,声明,称
903,501房冒烟,动作,冒烟
904,很快消防队员破门而入,动作,破门而入
905,将房间中的两母女救出,操作,救出
906,接着她们送去医院,移动,送去
907,3时30分险情排除,操作,排除
908,民警与消防队员搜索,操作,搜索
909,两位老人丧生,状态变化,丧生
910,2013年12月29日早上8点41分南宁消防报警,动作,报警
911,圆湖路艺术学校火灾,紧急情况,火灾
912,指挥中心调派特勤、朝阳两个中队9辆消防车50名官兵,操作,调派
913,"临近期末年底,各大院校节庆活动较多,在节目排练和道具选择上一定要注意防火安全",动作,注意
914,2009年8月8日下午滨州一正在装修的格林豪泰酒店火灾,紧急情况,火灾
915,齐鲁电视台独家栏目组奔赴滨州,移动,奔赴
916,到目前为止大火扑灭,状态变化,扑灭
917,在火灾后的新闻发布会上我们了解,感知,了解
918,滨州消防支队出动25辆消防车120多名消防官兵,动作,出动
919,疏散群众33名,操作,疏散
920,救出被困人员2名,操作,救出
921,并没有造成人员伤亡,状态变化,伤亡
922,起火原因目前调查,操作,调查
923,本报讯据北京市公安局官方微博“平安北京”消息,声明,消息
924,昨日凌晨2时警方小武基村火灾现场找到一名遇难群众,操作,找到
925,截至目前火灾,紧急情况,火灾
926,11月19日20时30分北京市朝阳区小武基村一库房着火,紧急情况,着火
927,"接报警后,北京市公安局调集13个消防中队",操作,调集
928,54辆消防车赶赴现场,移动,赶赴
929,"目前,4名受伤人员正在医院救治,警方两名出租房主控制",操作,控制
930,起火原因调查,操作,调查
931,8月4日上午10时30分左右虹口区赤峰路上一居民家中的厨房起火,操作,起火
932,火焰夹着浓烟,动作,夹着
933,3平米左右的厨房烧毁,状态变化,烧毁
934,新民网记者了解,感知,了解
935,火灾波及隔壁的卧室,动作,波及
936,卧室挂式空调烧坏,状态变化,烧坏
937,火灾幸未造成人员伤亡,状态变化,伤亡
938,新民网记者12时40分赶到火灾现场,移动,赶到
939,不过在小区门口闻到烧焦味,感知,闻到
940,楼房外看到水流,感知,看到
941,据这家女主人沈女士称,动作,称
942,记者户主家中看到,感知,看到
943,一股浓烈的焦臭味飘来,移动,飘来
944,自家的空调着火,紧急情况,着火
945,楼下厨房起火,紧急情况,起火
946,窗户附近着火,紧急情况,着火
947,正在向四周蔓延,状态变化,蔓延
948,住在事发地点楼上的一位居民回忆,声明,回忆
949,该居民报火警,动作,报
950,据附近居民刘先生称,声明,称
951,上午11时许两辆救火车赶到事发现场,移动,赶到
952,至上午11点30分左右火势控制,操作,控制
953,所幸火灾中人员伤亡,状态变化,伤亡
954,益阳市大通湖区金北顺造纸厂芦苇堆场火灾,紧急情况,火灾
955,堆场存放大型芦苇堆垛18个,操作,存放
956,益阳、岳阳、常德3地消防官兵16个小时大火扑灭,状态变化,扑灭
957,当晚7时50分消防大队金北顺造纸有限公司报警,操作,报警
958,厂区内芦苇堆垛火灾,紧急情况,火灾
959,大队出动消防车6名官兵,操作,出动
960,由于芦苇堆垛上的芦苇晒干,状态变化,晒干
961,消防水枪现场火势控制,操作,控制
962,大火两个堆垛蔓延5个堆垛,移动,蔓延
963,全体参战人员扑救,操作,扑救
964,到29日凌晨3时火势控制,操作,控制
965,上午10时大火扑灭,状态变化,扑灭
966,消防人员余火清理,操作,余火清理
967,到中午12时余火扑灭,状态变化,扑灭
968,周边堆垛1万多吨价值近千万元的芦苇保住,操作,保住
969,经消防部门查明,操作,查明
970,该厂员工转运芦苇,移动,转运
971,目前2名违规操作的工人警方控制,操作,控制
972,中新网4月14日电,声明,电
973,据台湾“中央社”报道,声明,报道
974,台湾彰化县员林镇一间面包店今天清晨火警,紧急情况,火警
975,警察确认5人身分,操作,确认
976,彰化县消防局今天早上7时左右接获报案,感知,接获
977,彰化县员林镇中山路一段一处民宅火警,紧急情况,火警
978,消防车前往现场,移动,前往
979,失火一间面包店,紧急情况,失火
980,店内死者身份确认,操作,确认
981,昨天早上武昌雄楚大道小何村一条小吃街内火灾,紧急情况,火灾
982,与自家相邻不远的熟食铺里冒出浓烟,动作,冒出
983,起火店铺卷闸门开启,动作,开启
984,附近商户扑救,操作,扑救
985,几个煤气罐抢出,动作,抢出
986,消防官兵赶到,移动,赶到
987,火灾原因调查,操作,调查
988,中国警察网讯,声明,讯
989,4月29日20时21分广西贵港市西江农场一涂料厂溶剂油罐火灾,紧急情况,火灾
990,四周厂房房屋威胁,操作,威胁
991,贵港市消防支队指挥中心接警,感知,接警
992,迅速调集11辆消防车62名官兵,操作,调集
993,21时50分大火扑灭,操作,扑灭
994,未造成人员伤亡,紧急情况,伤亡
995,昨晨6点过合川区柏树街78号居民楼下临街抄手店大火,紧急情况,大火
996,浓烟直冲楼上,移动,直冲
997,57户居民惊醒,状态变化,惊醒
998,不少人吸入大量烟雾,动作,吸入
999,上午11点过记者赶到事发现场,移动,赶到
1000,站在距离出事门面10米远处闻到焦糊气味,感知,闻到
1001,出事门面叫做吕氏鸡肉抄手店当时关门歇业,状态变化,关门歇业
1002,门上贴致歉告示,动作,贴
1003,合阳城街道办事处安监办王先生介绍,声明,介绍
1004,工作人员赶到现场,移动,赶到
1005,出事时厨师炒制咸菜,操作,炒制
1006,同时高队长证实,声明,证实
1007,吕氏抄手店处理,操作,处理
1008,合川消防支队和当地警方调查,操作,调查
1009,人民网南京4月19日电,声明,电
1010,今日10时20分左右中环国际大厦空调外机井着火,动作,着火
1011,11时42分明火扑灭,状态变化,扑灭
1012,南京市政府办公厅说,声明,说
1013,南京市消防支队市公安局110指挥中心传警,操作,传警
1014,先后调集鼓楼、侯家桥等10个消防中队和战勤保障大队37辆消防车194名消防官兵,操作,调集
1015,救援力量到场,移动,到场
1016,"在现场指挥部的指挥下,立即展开火情侦察",感知,侦察
1017,同时组织16个作战小组,操作,组织
1018,疏散被困人员,操作,疏散
1019,利用内部消火栓灭火,状态变化,灭火
1020,11时20分火势控制,操作,控制
1021,南京市政府秘书长魏克、江苏省公安厅副厅长王琦、江苏省消防总队总队长牛跃光赶到现场,移动,赶到
1022,消防官兵建筑内疏散被困人员约400人,操作,疏散
1023,火灾中无人员伤亡,状态变化,伤亡
1024,目前火灾原因财产损失调查,操作,调查
1025,新华网莫斯科3月31日电,声明,电
1026,俄罗斯西伯利亚西部秋明州一座私人住宅3月31日天然气罐爆炸,紧急情况,爆炸
1027,据国际文传电讯社报道,声明,报道
1028,秋明州卡斯马卡瓦村一幢单层小木屋31日凌晨火灾,紧急情况,火灾
1029,在烧毁房屋中发现7具尸体,感知,发现
1030,2名女性受伤,状态变化,受伤
1031,3个天然气罐爆炸,紧急情况,爆炸
1032,武汉2月5日电,声明,电
1033,湖北武汉汉正街一塑料玩具和工艺品市场5日大火,紧急情况,大火
1034,目前10人受伤,状态变化,受伤
1035,火灾上午9时50分左右,紧急情况,火灾
1036,当地消防部门说,声明,说
1037,消防部门组织79辆防消车公安、消防官兵800多名,操作,组织
1038,迅速赶赴现场,移动,赶赴
1039,到12时左右明火扑灭,状态变化,扑灭
1040,记者在现场看到,感知,看到
1041,"起火现场一直浓烟滚滚,弥漫烧焦塑料味",动作,弥漫
1042,到18时消防人员向楼内喷水,动作,喷水
1043,"湖北省委、省政府,武汉市委、市政府负责人高度重视,省委书记罗清泉李鸿忠杨松阮成指示",操作,指示
1044,积极疏散群众,操作,疏散
1045,消防官兵疏散300多人,操作,疏散
1046,已知有10名伤者送到武汉市第一医院,移动,送到
1047,记者医院了解,感知,了解
1048,在西班牙、法国、希腊、及意大利南部“萨丁尼亚岛”山林火灾,紧急情况,山林火灾
1049,至少造成八人死亡,状态变化,死亡
1050,西班牙过去的四天里六名消防人员殉职,状态变化,殉职
1051,另外在意大利的“萨丁尼亚岛”两人丧生,状态变化,丧生
1052,"1月15日,《俄罗斯报》称",声明,称
1053,位于北半球澳大利亚处于炎热的夏季,移动,处于
1054,"而近日也到了高温酷暑的时候,当地时间1月14日晚澳大利亚南部火灾",紧急情况,火灾
1055,澳大利亚南部火灾,紧急情况,火灾
1056,"火灾发生后,救援人员展开救灾行动",操作,展开
1057,新华报业网讯,声明,讯
1058,昨晚南京长江大桥回龙桥一桥洞失火,紧急情况,失火
1059,火灾1个多小时,紧急情况,火灾
1060,最后两名消防队员绳子系腰上,动作,系
1061,从桥面上空降半空,移动,降
1062,花了近半个小时火扑灭,状态变化,扑灭
1063,"失火南京长江大桥回龙桥上桥口,金川河的出江口处",紧急情况,失火
1064,记者距离150米远的地方观看,感知,观看
1065,消防人员赶到桥面,移动,赶到
1066,不久记者看到一幕,感知,看到
1067,两名消防人员腰间系绳子,动作,系
1068,从桥面上空降桥洞前方,移动,空降
1069,然后用水枪灭火,操作,灭火
1070,记者听“噼里啪啦”声,感知,听
1071,大约半小时后火扑灭,状态变化,扑灭
1072,中新网昆明4月16日电,声明,电
1073,16日下午昆明市西山区棋台山森林火灾,紧急情况,森林火灾
1074,当日16时许昆明市城区西边浓烟,紧急情况,浓烟
1075,西山区团结镇棋台社区棋台山森林火灾,紧急情况,森林火灾
1076,森林消防人员赶赴火场,移动,赶赴
1077,四川在线宜宾频道消息,声明,消息
1078,今(30)日上午宜宾城区一大厦火灾,紧急情况,火灾
1079,目前火势控制,操作,控制
1080,上午10时56分城区真武路树刚大厦火灾,紧急情况,火灾
1081,有施工人员被困,状态变化,被困
1082,宜宾市公安消防支队调动消防官兵,操作,调动
1083,组织2个搜救组,操作,组织
1084,11时33分火势控制,操作,控制
1085,被困人员救出,操作,救出
1086,现场目击者称,声明,称
1087,大厦风貌整治外墙装饰“材料”,操作,整治
1088,2013年11月04日上午11时珠海南屏北山东桥工业区附件的旧工厂大厦大火,紧急情况,大火
1089,多名工人被困楼顶,操作,被困
1090,事发后消防官兵赶到现场,移动,赶到
1091,具体起火原因调查,操作,调查
1092,"起火的原因可能是由于近期天气比较干燥,工厂里面防火设备更新",操作,更新
1093,而且楼年久失修,操作,年久失修
1094,洪都拉斯首都特古西加尔巴市中心一个市场30日大火,紧急情况,大火
1095,火势蔓延附近的商业区和银行区,动作,蔓延
1096,当地时间清晨5点30分左右位于洪首都特古西加尔巴市中心位置的科隆市场起火,动作,起火
1097,火势蔓延附近一家以经营服装为主的街道,动作,蔓延
1098,影响银行学校,状态变化,影响
1099,历史悠久的克隆市场毁火灾,状态变化,毁
1100,火灾现场附近的数十条街区笼罩浓烟,动作,笼罩
1101,洪首都消防总队发言人奥斯卡新华社记者采访,操作,采访
1102,他们出动18辆消防车250名消防员,操作,出动
1103,暂时还未探明起火原因,操作,探明
1104,为防止激进分子,操作,防止
1105,洪警方派遣大量警力,操作,派遣
1106,开始调查原因,操作,调查
1107,昨日上午9时50分左右麻涌镇南洲村东莞市港航船舶清污有限公司火灾,紧急情况,火灾
1108,12时40分许火势扑灭,状态变化,扑灭
1109,消防部门出动17辆消防车,操作,出动
1110,目前原因调查,操作,调查
1111,目击者吴先生称,声明,称
1112,在上午10时45分左右第2个油罐引燃,动作,引燃
1113,在11时30分左右爆炸,紧急情况,爆炸
1114,经过近3小时扑救,操作,扑救
1115,消防人员12时40分左右火势扑灭,状态变化,扑灭
1116,消防大队火灾事故现场洒水,动作,洒水
1117,2008年4月5日上午10时吉尔吉斯斯坦比什凯克市中国商人集中的中海市场大火,紧急情况,大火
1118,至下午2时火场明火扑灭,状态变化,扑灭
1119,市场售货大楼内部设施商品烧毁,状态变化,烧毁
1120,大楼主体结构受损,状态变化,受损
1121,所幸无人员伤亡,状态变化,伤亡
1122,中国驻吉使馆启动应急机制,操作,启动
1123,张延年亲赴现场,移动,亲赴
1124,张大使慰问中国商户,操作,慰问
1125,将会尽力协助商户,操作,协助
1126,目前火灾原因调查,操作,调查
1127,多名网友爆料,声明,爆料
1128,6日凌晨丽江束河古镇火灾,紧急情况,火灾
1129,起火四方街往完小方向,状态变化,起火
1130,凌晨4点20发现火情,感知,发现
1131,6点多完全控制,操作,完全控制
1132,昨天清晨6时许面包车行驶京承高速进京方向,移动,行驶
1133,司机和副驾驶逃生,动作,逃生
1134,10名木工烧伤,状态变化,烧伤
1135,其中一人死亡,状态变化,死亡
1136,司机警方带走,动作,带走
1137,昨天清晨7时40分左右记者赶到事发现场――京承高速进京方向城铁望京西站,移动,赶到
1138,此时现场清理,操作,清理
1139,但路边的护栏撞,动作,撞
1140,据一位城铁站内的工作人员介绍,声明,介绍
1141,清晨6时左右一辆面包车大火,紧急情况,大火
1142,离面包车不远处几个人坐,动作,坐
1143,奥林匹克公园消防中队赶到现场,移动,赶到
1144,不到10分钟火扑灭,操作,扑灭
1145,999急救人员伤员救护,操作,救护
1146,城铁站里的保安和周围一些好心人伤者抬担架,动作,抬
1147,大概7点10分左右面包车拖走,动作,拖走
1148,记者前往北京军区总医院东院,移动,前往
1149,烧伤整形科朱主任说,声明,说
1150,送到该院有9名伤者,移动,送到
1151,4位重伤员送往重症监护室,移动,送往
1152,而送到积水潭医院的另外一名伤者死亡,状态变化,死亡
1153,新华网索非亚3月5日电,声明,电
1154,保加利亚首都索非亚华商较集中的伊连齐商城一个销售厅5日清晨火灾,紧急情况,火灾
1155,目前没有人员报道,声明,报道
1156,据保加利亚中国商会副会长陈建军介绍,声明,介绍
1157,大火当地时间8时左右发现,感知,发现
1158,当时许多商户来到市场,移动,来到
1159,截至当地时间12时大火扑灭,状态变化,扑灭
1160,市场周边交通管制解除,状态变化,解除
1161,整个市场停业,状态变化,停业
1162,华商的损失情况统计,操作,统计
1163,但据一位来自浙江的受灾商户介绍,声明,介绍
1164,仅他一家在销售厅内存放货物,动作,存放
1165,据索非亚消防部门负责人伊万・伊利耶夫介绍,声明,介绍
1166,尽管消防部门派3辆消防车,操作,派
1167,市场内供水系统出现问题,感知,出现
1168,不得不增派更多消防车,操作,增派
1169,并不断从附近接水,动作,接
1170,目前清楚人员伤亡情况,感知,清楚
1171,消防部门配合警方,操作,配合
1172,对火灾原因调查,操作,调查
1173,政务参赞陈岚、商务参赞陆永明等使馆人员赶赴现场,移动,赶赴
1174,协助组织灭火,操作,协助
1175,安排善后工作,操作,安排
1176,昨天凌晨1时40分许长深高速灌南服务区往南1758公里附近一辆满载17吨的袋装塑料颗粒的大货车轮胎起火,紧急情况,起火
1177,两个灭火器喷完了仍无法将大火扑灭,动作,扑灭
1178,灌南县消防中队官兵接到报警,感知,接到
1179,保住车上货物,操作,保住
1180,兰坪拉古村委会“12・2”大火目前扑灭,状态变化,扑灭
1181,受灾农户安置工作开展,操作,开展
1182,受灾群众吃、穿、住保障,操作,保障
1183,2日18时25分怒江傈僳族自治州兰坪白族普米族自治县营盘镇拉古村委会三组和四组交界处火灾,紧急情况,火灾
1184,72户280间房屋烧毁,紧急情况,烧毁
1185,370余人受灾,紧急情况,受灾
1186,"火灾发生后,怒江州、兰坪县启动应急预案",动作,启动
1187,成立事故处置领导小组,操作,成立
1188,紧急下拨救灾应急资金和物资,操作,下拨
1189,迅速组织人员,操作,组织
1190,开展善后处置工作,操作,开展
1191,昨日(12月6日)凌晨1时许衡水市区红旗大街干马桥南约200米路东一门店、居住、库房“三合一”的商住楼火灾,紧急情况,火灾
1192,店内货物付之一炬,状态变化,付之一炬
1193,女主人和两岁的孩子遇难,状态变化,遇难
1194,衡水市当天召开会议,操作,召开
1195,强调在“三合一”、“多合一”场所开展火灾隐患排查整治工作,操作,开展
1196,台海网8月8日讯,声明,讯
1197,6日11时30分许福州城门胪厦工业区内一棉花厂火灾,紧急情况,火灾
1198,上千平方米的仓库成为火海,状态变化,成为火海
1199,消防接到报警,动作,接到
1200,共调6个中队23部消防车,操作,调
1201,一百多名消防官兵赶赴火灾现场,移动,赶赴
1202,在经过了5个小时的扑救后大火扑灭,状态变化,扑灭
1203,昨日凌晨记者赶到现场,移动,赶到
1204,在数百米外看到远处腾起的滚滚浓烟,感知,看到
1205,红色的火光照红城门大半边天,操作,照红
1206,着火的制鞋厂四楼仓库成火海,状态变化,成火海
1207,记者跟随消防人员,动作,跟随
1208,登上距离火场50米外的一厂房楼顶,动作,登上
1209,滚烫的热气迎面扑来,动作,迎面扑来
1210,目击者陈先生说,声明,说
1211,不久大火蹿制鞋厂的四楼仓库,动作,蹿
1212,消防队员告诉记者,声明,告诉
1213,现场指挥部调集大型水罐车,操作,调集
1214,周边工厂工人和群众拿水带,动作,拿
1215,协助消防官兵,操作,协助
1216,直到昨日凌晨4点40分左右大火扑灭,状态变化,扑灭
1217,所幸火灾没有造成人员伤亡,状态变化,伤亡
1218,东北网5月1日讯,声明,讯
1219,4月27日13时12分我省沾河林业局施业区伊南河林场草甸森林火灾,紧急情况,草甸森林火灾
1220,由于火灾林区腹地,紧急情况,火灾
1221,虽经全体扑火指战员扑救,操作,扑救
1222,火场现在投入兵力7530人大型机械30余台,操作,投入
1223,转移群众3100人,移动,转移
1224,"省委书记吉炳轩、省长栗战书、副省长吕维峰、孙永波孙扎根,国家森防指专家组组长马福森警总队指挥部主任王佐明,副主任李全海亲临火灾前线",移动,亲临
1225,欧洲地中海沿岸5国意大利、西班牙、法国、希腊和克罗地亚近期山林火灾,紧急情况,山林火灾
1226,目前财产损失,状态变化,损失
1227,总部设在罗马的联合国粮农组织27日呼吁,声明,呼吁
1228,各国早期预警及监控机制建立,操作,建立
1229,近期意大利、西班牙、法国、希腊和克罗地亚等地中海沿岸国家山林大火,紧急情况,山林大火
1230,目前8人死亡,状态变化,死亡
1231,数万公顷农田烧毁,状态变化,烧毁
1232,在意大利撒丁岛火灾24日开始蔓延至今,紧急情况,火灾
1233,超过2.5万公顷田地烧毁,状态变化,烧毁
1234,已有2人丧生,状态变化,丧生
1235,数十名游客疏散,操作,疏散
1236,在西班牙官方估计,感知,估计
1237,大约2万公顷农田烧毁,状态变化,烧毁
1238,6名消防队员牺牲,状态变化,牺牲
1239,不仅科西嘉岛上火灾,紧急情况,火灾
1240,马赛附近大火逼近,移动,逼近
1241,"在希腊,大火主要集中在南部26日出现火情",状态变化,出现
1242,希腊政府发布火灾警告,操作,发布
1243,"而在克罗地亚,契奥沃岛上26日大火",紧急情况,大火
1244,超过200公顷林地烧毁,状态变化,烧毁
1245,东方网记者刘歆4月9日报道,声明,报道
1246,上海市消防局官方微博消息,声明,消息
1247,今天中午11时14分上海市应急联动中心接警,操作,接警
1248,位于长兴岛的江南造船厂3号船坞一在建的八万吨级货轮火灾,紧急情况,火灾
1249,燃烧保温材料,状态变化,燃烧
1250,消防部门调集数十辆消防车,操作,调集
1251,目前人员被困,状态变化,被困
1252,"下午2点左右,大火被控制",状态变化,被控制
1253,中国网4月15日讯,声明,讯
1254,据福建泉州消防消息,声明,消息
1255,昨日20时40分泉州市晋江市安海镇星塔村书展公园附近一大面积草地火灾,紧急情况,火灾
1256,大火风势四周蔓延,移动,蔓延
1257,靠近火场不到百米一座村庄数十栋居民房岌岌可危,状态变化,岌岌可危
1258,晋江消防大队安海中队接到报警,感知,接到
1259,迅速赶到现场,移动,赶到
1260,联合安海镇政府工作人员、公安部门、行政执法附近居民大火扑灭,操作,扑灭
1261,及时制止火势蔓延,操作,制止
1262,数十栋居民楼保全,状态变化,保全
1263,20时46分消防官兵赶到火场附近,移动,赶到
1264,火势风势毗邻的村庄方向蔓延,移动,蔓延
1265,救援面临极大的难度,感知,面临
1266,全体官兵携铁扫铁锹,动作,携
1267,利用树枝泥土接近村庄的方向扑救,操作,扑救
1268,首先控制火势,操作,控制
1269,公安民警、附近居民工具树枝扑救,操作,扑救
1270,安海镇政府工作人员、行政执法部门赶到,移动,赶到
1271,22时许火势控制,操作,控制
1272,救援人员现场余火清理,操作,清理
1273,一座信号塔部分电线烧损,状态变化,烧损
1274,火灾未造成人员伤亡,状态变化,伤亡
1275,具体火灾原因调查,操作,调查
1276,新华网福州长乐2月1日电,声明,电
1277,1月31日晚福建省长乐市拉丁酒吧火灾,紧急情况,火灾
1278,共造成17人死亡,状态变化,死亡
1279,当晚11时30分左右长乐市拉丁酒吧10名左右男女青年聚会,操作,聚会
1280,在桌面上燃放烟花,操作,燃放
1281,福建省和福州市领导重视,状态变化,重视
1282,有关领导赶到现场,移动,赶到
1283,指挥善后处置工作,操作,指挥
1284,长乐市组织公安、消防、安监、民政、卫生及吴航街道等单位,操作,组织
1285,开展现场抢险工作,操作,开展
1286,火灾2月1日零点20分左右扑灭,状态变化,扑灭
1287,现场陆续救35名人员,操作,救
1288,其中15名抢救,操作,抢救
1289,事故发生后长乐市委、市政府成立现场紧急处置领导小组,操作,成立
1290,由书记、市长担任正副组长,操作,担任
1291,东方网7月27日消息,声明,消息
1292,昨日上午8时15分1043次旅客列车运行中国最长的铁路隧道――兰新线乌鞘岭隧道左线,移动,运行
1293,经铁路、消防处置,操作,处置
1294,千余旅客逃生,动作,逃生
1295,事故原因调查,操作,调查
1296,乘客隧道脱险,操作,脱险
1297,铁路部门清点,动作,清点
1298,对部分距离目的地不远的乘客班车回家,移动,回家
1299,大部分乘客机车抵达,移动,抵达
1300,被安全带离现场,移动,带离
1301,当日中午12时14分许新机车牵引,操作,牵引
1302,1043次旅客列车龙沟车站开出,移动,开出
1303,运输秩序正常,状态变化,正常
1304,目前机车起火具体原因调查,操作,调查
1305,昨日上午汕头市潮阳区谷饶镇上堡居委会五片张培雄家庭作坊火灾,紧急情况,火灾
1306,该家庭作坊生产耳机内衣,操作,生产
1307,13名女工毒烟熏死,状态变化,熏死
1308,其中3人重伤,状态变化,重伤
1309,作坊老板张培雄拘留,操作,拘留
1310,昨日7时26分汕头市公安局110指挥中心报警,操作,报警
1311,汕头市公安消防支队调集13台消防车154名消防队员,操作,调集
1312,并调集5支专职消防队9台消防车到现场,操作,调集
1313,谷饶当地的专职消防队和义务消防队7时40分到达现场,移动,到达
1314,潮阳消防中队到达现场,移动,到达
1315,火灾10时05分扑灭,状态变化,扑灭
1316,现场抢救28名被困人员,操作,抢救
1317,其中13人死亡,状态变化,死亡
1318,伤者送往市区3家医院,移动,送往
1319,火灾原因财产损失调查,操作,调查
1320,4月15日上午十点左右闹市区的一栋老式别墅火灾,紧急情况,火灾
1321,一名60岁的妇女逃生,操作,逃生
1322,腿部眼睛受伤,状态变化,受伤
1323,多位热心市民援手相助,操作,援手相助
1324,起火小区内一栋老式洋房的三楼,紧急情况,起火
1325,现场浓烟滚滚,紧急情况,浓烟滚滚
1326,楼内居民报警,操作,报警
1327,电器使用不当,操作,使用不当
1328,5月4日上午十点多合肥小庙镇周章村一农户家中大火,紧急情况,大火
1329,在周边邻居火扑灭,操作,扑灭
1330,农户家损失两万元钱,状态变化,损失
1331,经辖区消防部门认定,声明,认定
1332,张师傅家失火,紧急情况,失火
1333,中新社汕头五月二十一日电,声明,电
1334,二十一日上午汕头市潮阳区谷饶镇一家庭作坊大火,紧急情况,大火
1335,事故共造成十三人死亡,状态变化,死亡
1336,记者现场采访,操作,采访
1337,在一楼火灾事故现场记者看到,感知,看到
1338,今天上午七时二十六分汕头市公安局110指挥中心接到报警,动作,接到
1339,称谷饶镇上堡居委会张培雄家庭作坊火灾,紧急情况,火灾
1340,汕头市公安消防支队调集十三部消防车一百五十四名消防官员,操作,调集
1341,并调集潮阳、潮南区五支专职队九台消防车,操作,调集
1342,谷饶当地的专职消防队和义务消防队七时四十分到达现场,移动,到达
1343,火灾九时控制,操作,控制
1344,十时零五分扑灭,状态变化,扑灭
1345,消防官兵救二十八名被困人员,操作,救
1346,目前伤者送往汕头市区三家医院,移动,送往
1347,火灾事故原因和直接财产损失调查统计,操作,调查统计
1348,29日下午4时许八里街第三工业园区里的一间塑料厂成品仓库火灾,紧急情况,火灾
1349,大量塑料编织袋起火,紧急情况,起火
1350,冒起滚滚浓烟,动作,冒起
1351,消防、民警赶到,移动,赶到
1352,一边疏散群众,操作,疏散
1353,到当晚9时许火势控制,操作,控制
1354,所幸大火未造成人员伤亡,状态变化,伤亡
1355,截至30日晚记者发稿时起火原因调查,操作,调查
1356,昨日记者安康市森林公安局汉滨分局获悉,感知,获悉
1357,近日安康天气转暖,状态变化,转暖
1358,安康境内火灾,紧急情况,火灾
1359,多数为村民使用明火,动作,使用
1360,据安康市森林公安局汉滨分局值班人员介绍,声明,介绍
1361,3月26日傍晚6时左右恒口镇长行村山火,紧急情况,山火
1362,起火原因推断,感知,推断
1363,接警后森林消防及当地村民赶赴现场,动作,赶赴
1364,27日众人上山,动作,上山
1365,于当晚9时左右明火扑灭,状态变化,扑灭
1366,3月27日下午2时左右多位群众途经包茂高速安康西服务区,移动,途经
1367,附近山体火灾,紧急情况,火灾
1368,几小时后火灾扑灭,状态变化,扑灭
1369,起火原因推测,感知,推测
1370,附近某村民上坡烧荒,动作,烧
1371,另外27日傍晚6时左右安康市城区大风,紧急情况,大风
1372,香溪洞景区内高压线路碰撞,移动,碰撞
1373,附近山体植被起火,紧急情况,起火
1374,经消防人员扑救,操作,扑救
1375,于27日晚11时左右明火扑灭,状态变化,扑灭
1376,均未造成人员伤亡,状态变化,伤亡
1377,2014年1月7日广州番禺市桥街兴泰路商铺火灾,紧急情况,火灾
1378,一名27岁的从化女子烧死,紧急情况,烧死
1379,广州番禺警方(1月8日)媒体通报,声明,通报
1380,1月7日晚21时40分警方群众报警,操作,报警
1381,市桥街兴泰路商铺冒出浓烟,移动,冒出
1382,"接报后,番禺警方指令派出所、消防部门",操作,指令
1383,120急救人员救援,操作,救援
1384,昨日15时许位于仙台大街与湛江路交会处的吉林省食品药品检验所火灾,紧急情况,火灾
1385,十多辆消防车赶到现场,移动,赶到
1386,据现场附近围观群众称,声明,称
1387,事故在15时15分,紧急情况,事故
1388,当时滚滚浓烟冒出,动作,冒出
1389,15时40分记者到达现场,移动,到达
1390,消防人员建筑内部施救,操作,施救
1391,16时许大火扑灭,状态变化,扑灭
1392,目前起火原因调查,操作,调查
1393,中新网东莞3月30日电,声明,电
1394,广东东莞万江区一纸品仓库30日早上火灾,紧急情况,火灾
1395,截至记者发稿时明火扑灭,状态变化,扑灭
1396,据万江消防介绍,声明,介绍
1397,3月30日07时27分万江大队值班室接到报警,动作,接到
1398,位于万江区新村卢屋工业区的东莞市铭丰包装品制造有限公司仓库火灾,紧急情况,火灾
1399,"指挥中心调派万江专职消防队4台消防车,28名指战员",操作,调派
1400,起火仓库的铁皮屋顶坍塌,动作,坍塌
1401,消防员火场注水,动作,注水
1402,据万江消防透露,声明,透露
1403,目前明火扑灭,状态变化,扑灭
1404,2014年1月2日14时许城关区泰生大厦第30层火灾,紧急情况,火灾
1405,"事故发生后,市政府袁占亭市长、胥波副市长、咸大明副市长赶赴事故现场",移动,赶赴
1406,指导灭火救援工作,操作,指导
1407,袁占亭市长召开事故现场会,动作,召开
1408,城关区政府主要领导及相关部门负责同志参加会议,动作,参加
1409,袁占亭市长作了以下要求:,操作,作了
1410,"第一,及时疏散楼内人员",操作,疏散
1411,确保人员安全,操作,确保
1412,"第二,立即对楼层内的辅助设施检查",操作,检查
1413,防止次生事故,操作,防止
1414,"第三,市政府成立事故调查组",操作,成立
1415,依法依规开展事故调查,操作,调查
1416,严肃追究相关人员责任,操作,追究
1417,"第四,尽快召开新闻发布会",操作,召开
1418,及时向社会通报调查进展,声明,通报
1419,"第五,立即在全市范围内开展人员密集场所和公共聚集场所消防安全大检查",操作,开展
1420,整治各类事故隐患,操作,整治
1421,确保安全稳定,操作,确保
1422,12月26日凌晨吴江区盛泽镇心开弄一幢住宅楼着火,紧急情况,着火
1423,盛泽公安分局治安巡逻队的队员赶至现场,移动,赶至
1424,其他队员赶来支援,移动,赶来
1425,熊熊的大火3间屋子吞噬,操作,吞噬
1426,"面对此情景,队员们展开分工",操作,展开
1427,有的挨家挨户拍门叫醒沉睡中的住户,移动,叫醒
1428,有的负责抢救物品,操作,抢救
1429,昨日18时50分越秀区起义路217号建业大厦火灾,紧急情况,火灾
1430,省委书记胡春华指示,操作,指示
1431,"广州市委书记万庆良,副省长、省公安厅长李春生,市长陈建华,市委常委、常务副市长陈如桂,副市长、市公安局长谢晓丹现场指挥",操作,指挥
1432,市公安局组织消防支队、交警支队及越秀区公安分局开展灭火救援工作,操作,开展
1433,消防部门调集28个消防中队、58台消防车、380多名消防官兵,操作,调集
1434,期间越秀区疏散1600多名群众,操作,疏散
1435,分别安置临时安置点,操作,安置
1436,并提供食品和御寒物品,操作,提供
1437,央广网合肥4月17日消息,声明,消息
1438,4月15日下午罐体货车行驶宁洛高速凤阳县大溪河路段,移动,行驶
1439,当地消防部门1个多小时扑救,操作,扑救
1440,油罐车车头烧毁,状态变化,烧毁
1441,火灾没有造成人员伤亡,状态变化,伤亡
1442,当日下午16时09分凤阳县消防大队接到报警,感知,接到
1443,位于宁洛高速凤阳县境内大溪河服务区前往洛阳方向两公里处一辆油罐车起火,紧急情况,起火
1444,在距离火灾现场三公里救援官兵们看到事发路段浓烟,感知,看到
1445,"到达现场后,救援人员发现",感知,发现
1446,熊熊大火车头,紧急情况,大火
1447,消防官兵高速民警事故发生道路封锁,操作,封锁
1448,根据现场火情研判,操作,研判
1449,十五分钟后火势控制,操作,控制
1450,消防官兵铁铤等工具撬开驾驶室门,动作,撬开
1451,将水流注入驾驶室内部,动作,注入
1452,对车辆罐体冷却处理,操作,冷却处理
1453,经过1个多小时奋战,操作,奋战
1454,火灾发生原因调查,操作,调查
1455,比利时一家养老院6日晚火灾,紧急情况,火灾
1456,造成9名老人死亡,状态变化,死亡
1457,3名老人伤势严重,状态变化,伤势严重
1458,火灾比利时首都布鲁塞尔以西大约50公里的梅勒,紧急情况,火灾
1459,火灾养老院内100名老人,紧急情况,火灾
1460,目前警方事故原因调查,操作,调查
1461,"火灾王彬街752和753号,分别是“鸿飞国货店”和“新胜利国货店”晚上11点左右",紧急情况,火灾
1462,其中一位年长华人妇女灼伤,紧急情况,灼伤
1463,经消防人员解救,操作,解救
1464,得以迅速送院治疗,操作,治疗
1465,另有几位老人吸入浓烟,动作,吸入
1466,消防人员从屋顶、窗口和楼梯等不同方向靠近火点,移动,靠近
1467,在短短三十分钟内明火扑灭,状态变化,扑灭
1468,深圳市光明新区荣健农批水果市场11日火灾,紧急情况,火灾
1469,造成16人死亡,状态变化,死亡
1470,中共中央政治局常委、国务院总理李克强批示,操作,批示
1471,要求全力救治伤员,操作,救治
1472,核实伤亡情况,操作,核实
1473,要尽快查明原因,操作,查明
1474,"要举一反三,全面做好今冬明春安全生产工作",操作,做好
1475,特别是对薄弱环节严查密防,操作,严查密防
1476,最大限度地降低安全风险,移动,降低
1477,据省森林防火指挥部消息,声明,消息
1478,昨日中午沙县高砂镇端溪村森林火灾,紧急情况,森林火灾
1479,当地在第一时间内组织专业力量,操作,组织
1480,鹰厦铁路因火灾受阻的部分列车昨晚7时30分正常运行,状态变化,正常运行
1481,截至今日零时火势控制,操作,控制
1482,沙县高砂镇火灾,紧急情况,火灾
1483,出差在外的省委书记卢展工、省长黄小晶指示,声明,指示
1484,国家森林防火指挥部总指挥、国家林业局局长贾治邦提出要求,动作,提出
1485,出差在外的省委常委、常务副省长张昌平赶赴省森林防火指挥部,移动,赶赴
1486,与先期坐镇指挥的省委常委、副省长陈桦部署扑救工作,操作,部署
1487,省森林防火指挥部指示精神传达,声明,传达
1488,昨日13时40分许高砂镇防火办接到报告,动作,接到
1489,端溪村森林火灾,紧急情况,森林火灾
1490,火苗飞过沙溪河,移动,飞过
1491,并越过高速公路,移动,越过
1492,向不同方向蔓延,移动,蔓延
1493,各级各有关部门行动,操作,行动
1494,省森林防火指挥部和三明市、沙县各级领导干部赶往火场,移动,赶往
1495,三明市成立指挥部,操作,成立
1496,组织森林、消防、武警官兵和专业扑火队伍以及党政干部1500多人扑火,操作,扑火
1497,截至今日零时伤亡,状态变化,伤亡
1498,火烧面积起火原因调查,操作,调查
1499,新华网北京2月9日电,声明,电
1500,9日20时27分北京市朝阳区东三环中央电视台新址园区在建的附属文化中心大楼工地火灾,紧急情况,火灾
1501,至当日22时30分大火燃烧,状态变化,燃烧
1502,目前人员伤亡报告,操作,报告
1503,据北京市新闻办通报,声明,通报
1504,北京市119指挥中心接到报警,动作,接到
1505,迅速调派16个中队54辆消防车,操作,调派
1506,北京市委、市政府启动应急预案,操作,启动
1507,现场设置应急指挥中心,操作,设置
1508,消防、武警、民警赶赴现场,移动,赶赴
1509,疏散周边群众,操作,疏散
1510,"中共中央政治局委员、北京市委书记刘淇,中共中央政治局委员、中宣部部长刘云山,北京市委副书记、市长郭金龙,中央电视台台长赵化勇赶赴现场",移动,赶赴
1511,火灾现场周边的东三环、朝阳路实施交通管制,操作,实施
1512,据现场一位周姓目击者称,声明,称
1513,20时许央视新大楼附近燃放焰火,操作,燃放
1514,一些群众京广桥附近观看,感知,观看
1515,至20时30分许北配楼顶部出现火光,状态变化,出现
1516,截至22时45分火势减弱,状态变化,减弱
1517,周围大部分围观群众疏散,操作,疏散
1518,东南网3月31日讯,声明,讯
1519,今日凌晨3时55分许福州市闽侯县南屿加油站对面万顺鞋厂内一仓库失火,紧急情况,失火
1520,工厂保安发现火情,感知,发现
1521,消防官兵火扑灭,状态变化,扑灭
1522,今日凌晨福州市闽侯县消防大队接警,动作,接警
1523,出动部消防车、30余名消防官兵,动作,出动
1524,到场的消防官兵侦查,操作,侦查
1525,消防官兵消防车的水炮火势控制,操作,控制
1526,组织两个攻坚小组,操作,组织
1527,配带个人防护装备,动作,配带
1528,深入火楼层内部,移动,深入
1529,1小时后火灾扑灭,状态变化,扑灭
1530,目前火灾原因和损失调查,操作,调查
1531,新华网乌鲁木齐8月7日电,声明,电
1532,经过近十一个小时扑救,操作,扑救
1533,新疆阿勒泰地区布尔津县境内森林火灾,紧急情况,森林火灾
1534,已于6日凌晨扑灭,状态变化,扑灭
1535,据布尔津县应急管理办公室主任冯强华介绍,声明,介绍
1536,5日18时左右布尔津县冲乎尔乡乔巴特地区在建水电站以西大约两公里处的一片森林草场大火,紧急情况,大火
1537,大火所过之处很多灌木草场烧毁,状态变化,烧毁
1538,当地政府及武警边防派出所、阿勒泰森林消防支队、县护林防火办、当地民兵及群众等80余人赶赴现场,移动,赶赴
1539,经过一夜扑救,操作,扑救
1540,6日凌晨4时大火扑灭,状态变化,扑灭
1541,4月6日下午13时山东省青岛市林业局通报清明节期间全市森林火灾情况,声明,通报
1542,截至今天7时青岛市森林火灾,紧急情况,森林火灾
1543,其中5处火灾扑灭,操作,扑灭
1544,1处火灾控制,操作,控制
1545,已有涉及2起案件的5名嫌疑人控制,操作,控制
1546,火灾及火情并未造成人员伤亡,状态变化,伤亡
1547,昨天上午10时30分左右丰台区蒲黄榆路与蒲方路的十字路口处两车相撞,动作,相撞
1548,一辆直行大公共夏利车顶翻,动作,顶翻
1549,据事故现场的交通协管员说,声明,说
1550,上午10点半左右一辆红色夏利车蒲黄榆路行驶,动作,行驶
1551,一辆由南向北行驶的39路大公共通过路口,动作,通过
1552,将夏利车顶起,动作,顶起
1553,一位目击者告诉记者,声明,告诉
1554,交警赶到现场,移动,赶到
1555,夏利车的右侧车门挤压,动作,挤压
1556,事故清理五六分钟,操作,清理
1557,路口交通协管员疏导,操作,疏导
1558,新华网宜昌11月9日电,声明,电
1559,记者9日湖北省宜昌市交警部门获悉,声明,获悉
1560,今年10月1日兴山客车坠崖,动作,坠崖
1561,其具体原因查明,操作,查明
1562,驾驶员熊承担事故全责,动作,承担
1563,目前公安机关立案,操作,立案
1564,交警部门通报原因,声明,通报
1565,驾驶人熊驾驶,操作,驾驶
1566,其驾驶大客车,操作,驾驶
1567,驶入山区道路,移动,驶入
1568,司法鉴定机构肇事车辆检验,操作,检验
1569,客车左后轮胎胎面磨损,状态变化,磨损
1570,存在安全隐患,声明,存在
1571,肇事车辆降低速度,操作,降低
1572,目前公安机关驾驶员熊立案,操作,立案
1573,同时相关责任人立案,操作,立案
1574,10月1日下午大客车行经兴山县峡口镇,移动,行经
1575,坠入三峡水库香溪河,动作,坠入
1576,四川在线消息,声明,消息
1577,今(19)日凌晨5时许成都市温江区航天路政府专职消防队接到,动作,接到
1578,凤溪大道与温泉大道交叉口交通事故,紧急情况,交通事故
1579,一辆双桥卡车一辆运载木质门窗的货车相撞,动作,相撞
1580,有两人困驾驶室,动作,困
1581,消防队员到达现场,移动,到达
1582,借着昏暗的灯光队员们发现温泉大道与凤溪大道交汇处,动作,发现
1583,一辆牌照为川AN3M87的白色货色侧翻,状态变化,侧翻
1584,躺在公路中间,动作,躺在
1585,车上装满木板和木条,动作,装满
1586,靠副驾驶窗户位置的人员受伤,状态变化,受伤
1587,脚部卡驾驶室,动作,卡
1588,先前到达120救护人员,动作,到达
1589,对其头部包扎,操作,包扎
1590,现场车头变形,状态变化,变形
1591,地上流淌柴油,移动,流淌
1592,消防队员扩张器受伤被困人员,状态变化,受伤
1593,对受伤被困人员,状态变化,受伤
1594,第一名被困人员救出,操作,救出
1595,来到另一名被困人员,移动,来到
1596,消防队员握着伤员的手,动作,握着
1597,确保被困人员,动作,确保
1598,用液压扩张器扩张,操作,扩张
1599,利用液压顶杆扩张,操作,扩张
1600,通过液压扩张器与液压顶杆配合,操作,配合
1601,扩大救援空间,状态变化,扩大
1602,被卡位置扩张,状态变化,扩张
1603,半个小时一名伤员救出,操作,救出
1604,等候120救护车,操作,等候
1605,目前交警部门介入,动作,介入
1606,伤者医院治疗,操作,治疗
1607,据澳大利亚新快网4月18日报道,声明,报道
1608,两名中国游客澳大利亚塔斯马尼亚公路上另一辆汽车碰撞,动作,碰撞
1609,他们正在塔斯马尼亚州游览,操作,游览
1610,警方接到报道,动作,接到
1611,赶至PortLatta地区的Bass公路上,移动,赶至
1612,两名中国人士驾驶大众斜背式汽车,动作,驾驶
1613,一辆现代送货面包车撞上,动作,撞上
1614,车中的两名中国人重伤,状态变化,重伤
1615,他们送往西北乡村医院,移动,送往
1616,这名32岁的女性17日下午死于,状态变化,死于
1617,另一名31岁的现代汽车司机轻伤,状态变化,轻伤
1618,澳大利亚中国使馆人员通知两名中国游客的家属,动作,通知
1619,警方呼吁知情人士,动作,呼吁
1620,中新网济南12月8日电,声明,电
1621,今天中午济青高速潍坊段数十辆车相撞,动作,相撞
1622,大雪路面结冰,状态变化,结冰
1623,导致1人死亡,状态变化,死亡
1624,记者山东省公安厅交管局高速公路交警支队了解,声明,了解
1625,经过5个多小时救援,动作,救援
1626,8日中午济青高速潍坊往高密附近百余辆车相撞,动作,相撞
1627,目前救出5名被困人员,动作,救出
1628,疏散220余名民众,动作,疏散
1629,事故路段抢通,动作,抢通
1630,高速公路交警支队全警上路,动作,上路
1631,采取封闭收费站,动作,封闭
1632,进行交通疏导,动作,疏导
1633,同时现场勘查,操作,勘查
1634,事故车辆清理,动作,清理
1635,据潍坊消防支队介绍/v,声明,介绍/v
1636,事故路段滞留100余辆,动作,滞留
1637,当日官兵长达4公里、多个事故点展开行动,动作,展开
1638,液压剪扩钳扩张,动作,扩张
1639,机动链锯和无齿锯切割,动作,切割
1640,营救被困人员,动作,营救
1641,记者山东高速公路管理部门获悉,声明,获悉
1642,目前事故路段抢通,动作,抢通
1643,但济青高速青岛方向近20个高速入口封闭,状态变化,封闭
1644,中广网梧州7月15日消息,声明,消息
1645,7月14日18时20分广西南宁至梧州二级公路藤县塘步镇大罗村路段交通事故,紧急情况,交通事故
1646,一辆货车一辆客车相撞,动作,相撞
1647,4人当场死亡,状态变化,死亡
1648,一辆车牌号为“陕E20931”的货车行驶,动作,行驶
1649,一辆车牌号为“桂D31103”广州至藤县的客车行驶,动作,行驶
1650,货车撞向客车尾部,动作,撞向
1651,货车两司机当场死亡,状态变化,死亡
1652,客车则有2人当场死亡,状态变化,死亡
1653,随后客车驶向公路左侧路边,动作,驶向
1654,幸亏客车离高坎不到20厘米处停,动作,停
1655,交通警察、消防官兵和医护人员第一时间赶到现场,移动,赶到
1656,梧州市和藤县的领导赶往现场,移动,赶往
1657,至21时20分这一路段通车,状态变化,通车
1658,目前事故调查处理,操作,调查处理
1659,3月18日上午8时30分兴庆区丽景北街交通事故,紧急情况,交通事故
1660,一辆大众途观车丽景街行驶上海大众金富源4S店门前路段,移动,行驶
1661,进行路面清扫环卫工人周某,动作,清扫
1662,致周某当场死亡,状态变化,死亡
1663,驾驶员张某持有“C1”型机动车驾驶证,操作,持有
1664,环卫工人周某住银川市兴庆区大新镇新水桥村,操作,住
1665,目前涉案车辆暂扣,操作,暂扣
1666,驾驶员张某警方控制,动作,控制
1667,近几年环卫工人路面清扫作业,操作,清扫作业
1668,据兴庆区交警二大队民警统计,操作,统计
1669,近3年5名环卫工人死于交通事故,状态变化,死于
1670,"对此,交警提醒全市环卫工人",动作,提醒
1671,要加强自我保护意识,操作,加强
1672,切勿在交通高峰期路面清洁,动作,清洁
1673,新华网兰州4月15日电,声明,电
1674,14日19时左右甘肃省永登县三车追尾,紧急情况,追尾
1675,记者兰州交警支队永登大队事故股了解,感知,了解
1676,事故312国道永登收费站入口处,紧急情况,事故
1677,当时10余辆车停车,操作,停车
1678,一辆从后面行驶而来的卡车失控,状态变化,失控
1679,撞上农用三轮车,动作,撞上
1680,三轮车撞上大拖挂车,动作,撞上
1681,造成三轮车上4人当场死亡,状态变化,死亡
1682,伤者送往医院,移动,送往
1683,目前永登交警大队调查具体原因,操作,调查
1684,"前天下午2点多lid=""l2""西城区南横东街国家电网能源研究院前轿车失控",状态变化,失控
1685,撞坏4辆轿车,动作,撞坏
1686,一辆黑色的大众轿车冲,动作,冲
1687,该目击者查看,动作,查看
1688,路边停放的4辆轿车撞,动作,撞
1689,车上下来一名青年男子,动作,下来
1690,前天下午4点左右记者赶到现场,移动,赶到
1691,并未见到车主,感知,见到
1692,被撞的4辆轿车停放路边,动作,停放
1693,3辆轿车的保险杠撞落,动作,撞落
1694,一辆轿车油箱撞瘪,动作,撞瘪
1695,目前事故调查,操作,调查
1696,9月8日下午渭南合阳县境内交通事故,紧急情况,交通事故
1697,一辆中巴车合阳一乡村公路行驶,动作,行驶
1698,刹车失灵冲入108国道,动作,冲入
1699,与公路左侧土崖相撞,动作,相撞
1700,合阳县交警大队赶赴事故现场,移动,赶赴
1701,并启动重大交通事故处置应急预案,操作,启动
1702,合阳县相关领导公安、交通、卫生、安监等部门赶到现场,移动,赶到
1703,全力组织开展工作,操作,组织开展
1704,据了解中巴车西安铁路局,声明,了解
1705,车上乘坐工人农民工,状态变化,乘坐
1706,广西新闻网南宁10月8日讯,声明,讯
1707,10月8日凌晨3时左右大客车广西境内追尾,紧急情况,追尾
1708,造成大客车变形,状态变化,变形
1709,6名乘客死亡,状态变化,死亡
1710,另有38人受伤,状态变化,受伤
1711,其中4人受重伤,状态变化,受重伤
1712,8日凌晨大客车广西北海至南宁高速公路据大塘收费站10公里处大货车追尾相撞,动作,追尾相撞
1713,事故造成大客车变形,状态变化,变形
1714,车内48名乘客困,状态变化,困
1715,调集南宁市消防交警路政120,操作,调集
1716,据南宁市消防部门的消息称,声明,称
1717,救援人员到达,移动,到达
1718,立即携带破拆工具,动作,携带
1719,9时10分救援人员受伤乘客救出,操作,救出
1720,受伤人员送往广西医科大一附院自治区人民医院南宁市江滨医院,移动,送往
1721,昨天早上6点左右丰台区旧中路东侧一辆运奶车侧翻,动作,侧翻
1722,一吨的鲜奶泼洒路面上,动作,泼洒
1723,早上8点半左右小货车侧翻路边,动作,侧翻
1724,近一吨的鲜奶泼洒路面上,动作,泼洒
1725,牛奶车司机称,声明,称
1726,为了躲避对面车道上一辆货车,动作,躲避
1727,一辆白色大众轿车损毁,状态变化,损毁
1728,其余轿车车窗、车门损坏,状态变化,损坏
1729,约一小时后事故现场处理,操作,处理
1730,新华网太原3月11日电,声明,电
1731,记者11日20时山西省晋城市政府新闻办获悉,声明,获悉
1732,截至11日10时DNA鉴定,动作,鉴定
1733,二广高速晋城段岩后隧道事故,紧急情况,事故
1734,目前确认16名遇难,声明,确认
1735,有关部门勘验,操作,勘验
1736,损毁车辆42部,动作,损毁
1737,现场48人逃生,动作,逃生
1738,其中1人抢救,动作,抢救
1739,陆续有群众申报,操作,申报
1740,失联人员39名,状态变化,失联
1741,现场搜集遗体残骸,操作,搜集
1742,有关专家赶赴现场,移动,赶赴
1743,"同时,公安机关组织专门力量",动作,组织
1744,通过车辆信息、户籍资料、亲属印证、同乘人员证实确认,声明,确认
1745,失联人员身份,状态变化,失联
1746,1日14时50分二广高速晋城段岩后隧道载有重型罐车,动作,载有
1747,晋城市政府新闻办5日通报称,声明,通报称
1748,事故现场搜救,操作,搜救
1749,现场发现12具遇难者遗体,操作,发现
1750,1名伤者抢救,操作,抢救
1751,厦门网-厦门日报讯,声明,讯
1752,11月30日14时21分许国道324线集美坂头路段大货车碰撞小轿车公交车两辆摩托车,动作,碰撞
1753,造成3人当场死亡,状态变化,死亡
1754,相关涉案人员集美警方控制,操作,控制
1755,11月30日下午驾驶人张某双驾驶厦门锕伟建材有限公司的闽D/**308重型大货车,操作,驾驶
1756,从同安往漳州方向行驶国道324线274KM+600M,移动,行驶
1757,在交叉路口碰撞闽C/**W26小轿车,动作,碰撞
1758,对向行驶两辆摩托车闽D/Y**72公交车,动作,行驶
1759,当场3人死亡,状态变化,死亡
1760,集美交警大队启动,动作,启动
1761,市长助理、市公安局局长林锐亲临现场,移动,亲临
1762,市公安局、市安监局、集美区和交警支队等市区相关部门主要领导到达现场,移动,到达
1763,组织现场各项应急处置工作,操作,组织
1764,各部门单位协作,操作,协作
1765,确保应急救援工作,动作,确保
1766,事故现场勘察,操作,勘察
1767,目前事故路段交通恢复,状态变化,恢复
1768,4名伤员送医,动作,送医
1769,潍坊新闻网12月31日讯,声明,讯
1770,12月30日上午11时许奎文区文化路与东风东街交叉口西侧200米交通事故,紧急情况,交通事故
1771,一辆捷达轿车躲避,操作,躲避
1772,一名骑着电动车横穿行人,动作,横穿
1773,一场6车追尾,动作,追尾
1774,并未造成人员伤亡,状态变化,伤亡
1775,6辆事故车停放马路中间,操作,停放
1776,恰好是中午下班,状态变化,下班
1777,两辆出租车受损,状态变化,受损
1778,前面的出租车车前盖变形,状态变化,变形
1779,前保险杠左侧脱落,状态变化,脱落
1780,左前车灯粉碎,状态变化,粉碎
1781,后面的出租车后保险杠破裂,状态变化,破裂
1782,该车司机估计,声明,估计
1783,驾驶捷达轿车一名年轻小伙,操作,驾驶
1784,在路口有名男子推着电动车,动作,推着
1785,捷达轿车司机踩,动作,踩
1786,交警现场勘查,操作,勘查
1787,没有及时规避前车,操作,规避
1788,事发半小时保险公司的工作人员赶到现场,移动,赶到
1789,日前兰坪白族普米族自治县石登乡境内三山矿区交通事故,紧急情况,交通事故
1790,造成1人当场死亡,状态变化,死亡
1791,3人送往医院,移动,送往
1792,16日23时10分昆明市官渡区籍驾驶员易某驾驶车牌为云Q06823轻型普通货车,操作,驾驶
1793,从石登乡大竹箐村委会驶往回龙村委会灰山矿山,移动,驶往
1794,车行至回龙村委会灰山矿山自用公路K20+800米处,动作,行至
1795,车辆翻下320米边坡,动作,翻下
1796,1人当场死亡,状态变化,死亡
1797,易某等3人送往医院,移动,送往
1798,兰坪县委、县政府组织公安、交警、安监、卫生等相关部门,动作,组织
1799,目前受伤人员兰坪县人民医院治疗,操作,治疗
1800,应伤者单位要求,声明,要求
1801,先后送往大理和昆明,移动,送往
1802,昨天上午11点11分密云县101国道司马台长城往涿州方向500米处中巴客车超车,动作,超车
1803,随后客车滚入山谷中,动作,滚入
1804,其中3人受重伤,状态变化,受重伤
1805,昨天凌晨1时10分左右京珠北高速公路乳源东田段交通事故,紧急情况,交通事故
1806,一辆高速行驶的大客车撞上大货车,动作,撞上
1807,28人轻微伤,状态变化,轻微伤
1808,目前大客车司机警方控制,操作,控制
1809,昨天凌晨1时10分左右京珠北高速公路75km+300m北行方向交通事故,紧急情况,交通事故
1810,昨天上午11时许顺平路北窑上桥南两公里处一辆满载煤炭的大货车躲避小轿车,动作,躲避
1811,失控侧翻逆行车道,动作,侧翻
1812,事故中司机受伤,状态变化,受伤
1813,昨天上午记者现场看到,感知,看到
1814,一辆挂着“京G35824”牌照的黄色大货车侧翻顺平路由北向南车道,动作,侧翻
1815,车前风挡玻璃碎落,状态变化,碎落
1816,车上的煤倾倒地上,动作,倾倒
1817,几名工人铲车上装煤,动作,装煤
1818,目击者李先生说,声明,说
1819,装煤的货车躲避小轿车,动作,躲避
1820,滑行逆行车道,动作,滑行
1821,并疏导出京车辆,操作,疏导
1822,昨日凌晨武黄高速公路武黄向57公里处6车追尾,紧急情况,追尾
1823,车辆起火燃烧,动作,起火燃烧
1824,省高管四大队鄂州消防支队武黄路政闻警,动作,闻警
1825,目前部分伤者送到黄石市二医院,移动,送到
1826,昨日凌晨1时58分李某驾驶轿车,操作,驾驶
1827,行驶武黄向57公里处,动作,行驶
1828,前方道路堵塞,状态变化,堵塞
1829,停鄂EB36XX重型平板半挂货车后面,动作,停
1830,随后货车撞上轿车,动作,撞上
1831,半挂货车起火燃烧,动作,起火燃烧
1832,并引燃其他车辆,动作,引燃
1833,省高管支队四大队民警赶到现场,移动,赶到
1834,赶到现场的民警立即分成,操作,分成
1835,一个组划定警戒区域,操作,划定
1836,一个组堵塞的车辆后方警戒,操作,警戒
1837,一个组泽林站口分流车辆,操作,分流
1838,同时迅速向鄂州市消防支队支援,操作,支援
1839,昨日凌晨1时44分海口市灵山镇往机场老路方向3公里处交通事故,紧急情况,交通事故
1840,1时56分消防官兵到现场,动作,到
1841,110民警和120医务人员救援,操作,救援
1842,一辆小货车一辆商务车相撞,动作,相撞
1843,两车车头变形,状态变化,变形
1844,商务车驾驶室内2名男子困,动作,困
1845,另外现场3男1女受伤,状态变化,受伤
1846,"随后,消防官兵无齿锯和铁梃等商务车的副驾驶室破拆",动作,破拆
1847,"同时,用水枪小货车泄漏的汽油稀释",动作,稀释
1848,2时23分消防官兵2名被困人员救出,动作,救出
1849,并转交120医务人员,操作,转交
1850,但经医务人员确认,声明,确认
1851,目前事故原因调查,动作,调查
1852,新华网海口1月30日电,声明,电
1853,"1月30日零时15分海南省定安县境内,环岛东线高速公路海口往三亚方向53公里处小轿车油罐车追尾",动作,追尾
1854,该事故造成小轿车人员5人当场死亡,状态变化,死亡
1855,记者定安交通局获悉,声明,获悉
1856,车牌号为琼C53715的油罐车装载20吨97号汽油,动作,装载
1857,从马村运往三亚,移动,运往
1858,被车牌号为琼AB7119的悦达起亚车追尾,动作,追尾
1859,省消防总队调集海口支队10车66人、琼海支队6车48人、万宁大队3车22人,动作,调集
1860,3时03分增援力量到场,动作,到
1861,5时05分火势扑灭,动作,扑灭
1862,当日9时50分东线高速公路三亚往海口方向的路段畅通,状态变化,畅通
1863,至当日11时30分线高速公路海口往三亚方向定安段畅通,状态变化,畅通
1864,事故车辆吊开,动作,吊开
1865,油罐内约20吨97号汽油转移,操作,转移
1866,琼AB7119小轿车驾驶人追尾,动作,追尾
1867,12月26日20时左右包固一级公路公益民段交通事故,紧急情况,交通事故
1868,一辆尼桑轿车追尾重型货车,操作,追尾
1869,尼桑轿车三男两女死亡,状态变化,死亡
1870,当日20时左右尼桑轿车包固一级公路行驶包固一级公路与固察路交叉路口,移动,行驶
1871,撞运铁粉的大货车,动作,撞
1872,据目击者介绍,声明,介绍
1873,尼桑轿车大部分车体嵌入大货车尾部,动作,嵌入
1874,碎片遍布现场,操作,遍布
1875,固阳交管大队赶到现场,移动,赶到
1876,消防固阳中队赶到现场,移动,赶到
1877,因轿车和大货车尾部“咬”,动作,“咬”
1878,消防官兵轿车拖,动作,拖
1879,经过五分钟牵引,操作,牵引
1880,轿车消防救援车拖出,动作,拖出
1881,约20分钟两男一女三名伤者救出,动作,救出
1882,由于轿车变形,状态变化,变形
1883,消防官兵扩张器扩张车内空间,操作,扩张
1884,又使用破拆工具前门破拆,动作,破拆
1885,当日21时50分轿车主副驾驶的一男一女救出,动作,救出
1886,经医务人员检查,操作,检查
1887,记者固阳县交管大队获悉,声明,获悉
1888,尼桑轿车固阳县公益民铁矿职工叶某某所有,操作,所有
1889,大型货车包头市金利丰运输有限公司所有,操作,所有
1890,大型货车车主李某某报警,动作,报警
1891,12月27日凌晨3时左右李某某固阳交管大队投案,动作,投案
1892,新华网阿克拉12月30日电,声明,电
1893,加纳中部省30日中午3辆车相撞,动作,相撞
1894,事故加纳中部省一个名为安塔多的小村庄附近,紧急情况,事故
1895,当时一辆重型卡车爆胎,动作,爆胎
1896,撞向一辆奔驰小型巴士,动作,撞向
1897,巴士上载有至少23名乘客,操作,载有
1898,连带被撞一辆丰田皮卡,动作,撞
1899,但皮卡车内乘客遇难,状态变化,遇难
1900,圣诞节和新年加纳车祸,紧急情况,车祸
1901,因外出旅行家庭,操作,外出旅行
1902,加纳每年约有1800人死,状态变化,死
1903,中国网4月18日讯,声明,讯
1904,4月17日上午10时59分晋江市灵源街道好日子超市门口一辆平板载货车一辆货车碰撞,动作,碰撞
1905,致使货车司机困,动作,困
1906,灵源派出所民警带领消防队员,动作,带领
1907,民警两车碰撞,动作,碰撞
1908,货车驾驶室变形,状态变化,变形
1909,司机困驾驶室内,动作,困
1910,司机右腿车头变形的零部件卡住,动作,卡住
1911,只要将变形的车门切割,操作,切割
1912,就可以将被困司机救出,操作,救出
1913,消防官兵救援,操作,救援
1914,救援人员液压扩张器、撬棍变形的车门撬开,动作,撬开
1915,再用液压扩张器司机右腿的地方扩张,动作,扩张
1916,民警被困司机交谈,动作,交谈
1917,稳定其紧张情绪,动作,稳定
1918,经过10分钟营救,操作,营救
1919,被困司机解救,操作,解救
1920,迅速对其包扎,动作,包扎
1921,新华网洛美4月15日电,声明,电
1922,多哥官员15日说,声明,说
1923,一辆大客车14日晚多哥横跨南北的国家一号公路上载重拖车相撞,动作,相撞
1924,造成47人死亡,状态变化,死亡
1925,当地官员此媒体说,声明,说
1926,事故当地时间14日23时,紧急情况,事故
1927,一辆56座的大客车距首都洛美以北160公里的高原区阿塔帕梅南部的公路上载重拖车相撞,动作,相撞
1928,造成3辆车相撞,动作,相撞
1929,另有16人伤势严重,状态变化,伤势严重
1930,这是多哥2014年年初以来交通事故,紧急情况,交通事故
1931,今年2月多哥北部卡拉区代法莱市山区客车卡车相撞,动作,相撞
1932,造成至少19人丧生,状态变化,丧生
1933,50多人受伤,状态变化,受伤
1934,3月代法莱附近小巴制动系统故障,状态变化,故障
1935,在坡道上翻滚,动作,翻滚
1936,造成5人当场死亡,状态变化,死亡
1937,新华网内蒙古频道9月3日电,声明,电
1938,据内蒙古赤峰市公安局3日披露,声明,披露
1939,赤峰市日前面包车大货车相撞,动作,相撞
1940,8月31日下午16:45分左右S206线喀喇沁旗牛家营子段交通事故,紧急情况,交通事故
1941,因当时面包车大货车相撞,动作,相撞
1942,目前事故处理,操作,处理
1943,中新网成都3月13日电,声明,电
1944,13日四川广邻高速邻水至广安方向华蓥清溪口大桥路段多车追尾,动作,追尾
1945,现场一位张姓目击者称,声明,称
1946,事发路段阴雨绵绵车辆堵,动作,堵
1947,一段事故现场地上散落一些木板,状态变化,散落
1948,一辆白色面包车受伤,状态变化,受伤
1949,高速交警、路政、高速公路管理方赶到现场,移动,赶到
1950,关闭该段道路,操作,关闭
1951,当地消防部门调集2辆消防车,操作,调集
1952,营救受伤被困者,操作,营救
1953,事故现场抵达救援人员,动作,抵达
1954,营救部分被困者,操作,营救
1955,被120急救人员送往当地医院,移动,送往
1956,一辆长安面包车漏油,状态变化,漏油
1957,车内一受伤的被困者车辆变形,状态变化,变形
1958,救援官兵疏散围观民众,动作,疏散
1959,一边用水车辆漏油稀释,操作,稀释
1960,救援组官兵破拆工具长安车破拆,动作,破拆
1961,将面包车槽车分离,状态变化,分离
1962,增大救援空间,状态变化,增大
1963,扩大车内空间,状态变化,扩大
1964,将被困的伤者救出,操作,救出
1965,经120急救医护人员现场查验,操作,查验
1966,目前事故现场通行,状态变化,通行
1967,事故具体原因高速交警调查,操作,调查
1968,昨天凌晨4点半左右八达岭高速出京方向距康庄收费站1.5公里处5辆大货车追尾,紧急情况,追尾
1969,该路段封闭7个多小时,状态变化,封闭
1970,目击者周立军说,声明,说
1971,临近康庄收费站时一辆大货车刹车,动作,刹车
1972,其后的多辆货车刹车,动作,刹车
1973,汽车零件散落,动作,散落
1974,第三辆追尾货车横马路中间,动作,横
1975,一辆拉钢管的大货车受损,状态变化,受损
1976,整个驾驶室撞瘪,状态变化,撞瘪
1977,驾驶室内的3名男子夹中间,动作,夹
1978,车上所载的大量钢管掉落地面,动作,掉落
1979,其他车辆受损,状态变化,受损
1980,新华网杭州8月14日电,声明,电
1981,据《今日早报》报道,声明,报道
1982,13日6时许浙江台州黄岩区境内大客车轿车相撞,动作,相撞
1983,当时目击者称,声明,称
1984,一辆从黄岩开往宁溪的大客车一辆普桑轿车北洋镇官岙村拱沿线21公里处路段一转弯处碰撞,动作,碰撞
1985,轿车内的司机奄奄一息,状态变化,奄奄一息
1986,黄岩区北洋镇派出所民警当地交警赶到现场,移动,赶到
1987,轿车内另一名乘客送医院,移动,送
1988,另两人送到医院,移动,送到
1989,近30个座位的大客车侧翻水田,动作,侧翻
1990,车头左侧受损,状态变化,受损
1991,目前警方事件原因调查,操作,调查
1992,今视网3月12日南昌讯,声明,讯
1993,11日晚南昌市坛子口立交三层交通事故,紧急情况,交通事故
1994,一名酒驾男子开车,动作,开车
1995,被另一辆车的车主识破,动作,识破
1996,并欲借“小便”为名,动作,借
1997,据南昌市青云谱交警大队处理事故,操作,处理
1998,昨晚21时许接110指挥中心,动作,接
1999,在省城坛子口立交三层处两车相刮,动作,相刮
2000,交警赶往现场,移动,赶往
2001,告知双方驾驶员,动作,告知
2002,�缡�驾驶证和行驶证,动作,�缡�
2003,将事故车辆停放不影响交通的地方,动作,停放
2004,处理事故民警,操作,处理
2005,因该男子一身酒气另一方女司机闻到,动作,闻到
2006,于是将其带往九四医院,移动,带往
2007,收缴该车钥匙,操作,收缴
2008,后该男子坛子口立交桥下上厕所,操作,上厕所
2009,后往解放西路逃跑,动作,逃跑
2010,男子民警抓获,动作,抓获
2011,目前民警等待验血报告,动作,等待
2012,将处暂扣六个月机动车驾驶证,操作,暂扣
2013,并处一千元以上二千元以下罚款,操作,罚款
2014,若醉酒驾驶机动车,操作,醉酒驾驶
2015,将吊销机动车驾驶证,动作,吊销
2016,追究刑事责任,操作,追究
2017,五年内取得机动车驾驶证,操作,取得
2018,新华网南宁12月7日电,声明,电
2019,记者7日11时许广西河池市南丹县宣传部门了解,声明,了解
2020,7日6时左右当地车河工业园区约1公里处车祸,紧急情况,车祸
2021,一辆往南丹方向的贵州大客车大货车相撞,动作,相撞
2022,初步核实48人,动作,核实
2023,当地宣传部门人员介绍,声明,介绍
2024,大客车翻公路右侧10多米深的山沟,动作,翻
2025,6人当场死亡,状态变化,死亡
2026,救援人员赶到,移动,赶到
2027,从客车上拉出4具遗体,动作,拉出
2028,另两具遗体困客车上,状态变化,困
2029,救援人员客车上受伤者施救,动作,施救
2030,目前遇难者遗体拉走,移动,拉走
2031,伤员客车上转移,移动,转移
2032,送往附近医院,移动,送往
2033,其他未受伤人员安置当地交通宾馆,操作,安置
2034,救援人员增加吊车,动作,增加
2035,组织施吊客车,操作,施吊
2036,并与贵州客车方对接,动作,对接
2037,中新网唐山11月27日电,声明,电
2038,记者今天唐山交警支队获悉,感知,获悉
2039,二十六日晚七时许唐山境内交通事故,紧急情况,交通事故
2040,一大货车一辆小轿车相撞,动作,相撞
2041,造成两人死亡,状态变化,死亡
2042,事故唐钱路后于家店附近,紧急情况,事故
2043,据交警事故调查报告显示,动作,显示
2044,大货车司机当时驾车,动作,驾车
2045,一辆伊兰特轿车冲,动作,冲
2046,撞大货车的一侧,动作,撞
2047,又撞路边的大树,动作,撞
2048,据现场处理事故的交警介绍,声明,介绍
2049,事故现场伊兰特轿车大货车撞,动作,撞
2050,二人当场死亡,状态变化,死亡
2051,现已被送到医院,移动,送到
2052,11日下午兴义往安龙方向高速路顶效二号隧道交通事故,紧急情况,交通事故
2053,一辆面包车货车追尾,动作,追尾
2054,消防官兵20多分钟救援,操作,救援
2055,面包车司机身亡,状态变化,身亡
2056,当日16时05分兴义大道中队接到指挥中心,动作,接到
2057,在兴义往安龙方向高速路顶效二号隧道交通事故,紧急情况,交通事故
2058,有一名司机困,状态变化,困
2059,兴义大道中队出动,动作,出动
2060,1车5名官兵赶往现场,移动,赶往
2061,16时16分消防救援官兵赶到现场,移动,赶到
2062,一辆面包车前面的一辆货车追尾,动作,追尾
2063,面包车司机变形车厢,状态变化,变形
2064,在消防官兵赶到现场,移动,赶到
2065,消防官兵撬棍、液压扩张钳二十多分钟司机抬出,动作,抬出
2066,具体事故原因相关部门调查,动作,调查
2067,高速路半个小时堵车,状态变化,堵车
2068,8月5日中午2点10分重庆财富中心斜对面十字路口交通事故,紧急情况,交通事故
2069,车牌号为渝A23225的水泥罐车翻路口中央,动作,翻
2070,紧紧压住一辆白色蒙迪欧,动作,压住
2071,前天凌晨3点左右通州区通燕高速出京方向宋庄出口处一辆面包车超车,动作,超车
2072,导致车上两人受伤,状态变化,受伤
2073,其中一人甩出,动作,甩出
2074,新华街消防中队赶到现场,移动,赶到
2075,一辆大货车停高速路中间,动作,停
2076,一辆面包车侧翻,动作,侧翻
2077,大货车司机刘先生说,声明,说
2078,他高速路行驶,移动,行驶
2079,一辆银灰色小面包车超车,动作,超车
2080,将两名伤者送附近医院,移动,送
2081,被甩出的男乘客医院治疗,操作,治疗
2082,晨报河北专讯,声明,专讯
2083,8月21日7时40分左右307国道河北省黄骅市一个路口两辆客车相撞,动作,相撞
2084,中新网4月7日电,声明,电
2085,4月4日晚上7时30分左右湖南长潭高速公路6车相撞,动作,相撞
2086,长株潭三地消防部门出动消防车21台警力100余人,操作,出动
2087,消防官兵近2个小时扑救,操作,扑救
2088,中新社南宁三月二十七日电,声明,电
2089,一辆从贵州广东小车一辆大客车相撞,动作,相撞
2090,造成小车上包括司机在内的六男四女共十人当场死亡,状态变化,死亡
2091,两男子受重伤,状态变化,受重伤
2092,今日凌晨广西柳州市鹿寨县寨沙镇交通事故,紧急情况,交通事故
2093,造成十人当场死亡,状态变化,死亡
2094,凌晨六时四十分左右三二三国道九百四十八公里处一辆粤籍大客车旅行小客车交会,动作,交会
2095,造成小客上的十二名旅客中的十人当场死亡,状态变化,死亡
2096,中新网驻马店12月14日电,声明,电
2097,14日记者河南省驻马店市驿城区委宣传部获悉,声明,获悉
2098,该区13日货车相撞,动作,相撞
2099,承载学生客车超载19人,状态变化,超载
2100,两名司机拘留,动作,拘留
2101,13日上午河南省驻马店市驿城区古城乡中学组织学生,动作,组织
2102,到驻马店市智明教育培训基地,移动,到
2103,开展社会实践活动,动作,开展
2104,8点50分左右客车行驶铜山大道与香山路口交汇处,移动,行驶
2105,与一辆由北向南行使的豫LA3369重型自卸货车碰撞,动作,碰撞
2106,造成宇通客车受损,状态变化,受损
2107,车上两名学生当场死亡,状态变化,死亡
2108,25名师生受伤,状态变化,受伤
2109,14日驻马店市驿城区委宣传部说,声明,说
2110,经当地公安交警部门侦查,动作,侦查
2111,承载学生的宇通客车核载47人,声明,核载
2112,货车司机陈新峰涉嫌交通肇事罪,动作,涉嫌
2113,宇通客车司机周国忠涉嫌重大责任事故罪,动作,涉嫌
2114,>目前事故救治,操作,救治
2115,中广网银川11月29日消息,声明,消息
2116,"宁夏固原因受雨夹雪天气影响,上午约九时左右312国道固原汽车站附近路段三辆车相撞",动作,相撞
2117,据现场救援人员介绍,声明,介绍
2118,第一辆停靠路边,动作,停靠
2119,修理中巴客车,操作,修理
2120,中间一辆是装有化学危险品苯槽车,声明,装有
2121,后面一辆装有大米的货车车头起火,动作,起火
2122,货车驾驶位和副驾驶位两人死亡,状态变化,死亡
2123,消防官兵冷却、稀释处理,操作,处理
2124,已经将明火扑灭,动作,扑灭
2125,目前路政吊车事故车辆清障,动作,清障
2126,没有引起人员恐慌,感知,恐慌
2127,所在路段封锁,动作,封锁
2128,12日早7时许208国道乌兰察布市察哈尔右翼后旗大陆号收费站北1.5公里处交通事故,紧急情况,交通事故
2129,面包车内8名乘客死亡,状态变化,死亡
2130,一辆银白色小面包车一辆解放牌大货车相撞,动作,相撞
2131,据死者家属介绍,声明,介绍
2132,欲前往察哈尔右翼前旗礼拜寺,移动,前往
2133,他们乘坐的银灰色面包车行驶,动作,行驶
2134,与一辆货车相撞,动作,相撞
2135,8名乘客当即死亡,状态变化,死亡
2136,尸体家属认领,操作,认领
2137,内蒙古交警总队及乌兰察布市交警支队工作人员赶到现场,移动,赶到
2138,事故原因核查,操作,核查
2139,昨天凌晨广州黄埔大道隧道交通事故,紧急情况,交通事故
2140,一辆悬挂假军牌的小轿车撞上一辆施工车辆,动作,撞上
2141,造成一名施工人员当场死亡,状态变化,死亡
2142,另有3人抢救,操作,抢救
2143,肇事车辆行驶,移动,行驶
2144,肇事司机所驾驶车辆的号牌及证件伪造,动作,伪造
2145,昨日记者广州市交警部门获悉,声明,获悉
2146,昨日凌晨2时15分左右一辆使用假军牌的小客车黄埔大道隧道施工车辆施工人员碰撞,动作,碰撞
2147,造成4人死亡,状态变化,死亡
2148,小客车司机酒后驾驶,动作,酒后驾驶
2149,"事发时肇事司机方某/(男,30岁,广州人)驾驶一辆悬挂部队号牌小客车",操作,驾驶
2150,沿黄埔大道由东往西行驶黄埔大道隧道路段,移动,行驶
2151,碰撞工作人员施工车辆,动作,碰撞
2152,造成施工人员1人当场死亡,状态变化,死亡
2153,肇事司机方某所驾驶小客车的号牌及证件伪造,动作,伪造
2154,目前肇事司机方某警方拘留,动作,拘留
2155,市公安交警部门表示,声明,表示
2156,将进一步加大对涉牌涉证车辆和酒后驾驶等严重交通违法行为整治,动作,整治
2157,在此也再次提醒广大驾驶员,动作,提醒
2158,碧海银沙网讯,声明,讯
2159,今天(17日)下午梁姓、李姓、苏姓、陈姓、吴姓等市民来电,操作,来电
2160,说赤坎椹川大道北交通事故,紧急情况,交通事故
2161,>“巡城马”采访,操作,采访
2162,一辆“鱼峰”大型水泥搅拌车行至椹川大道北,移动,行至
2163,一骑自行车老人小女孩水泥和石子埋,动作,埋
2164,一骑电动车妇女车头撞,动作,撞
2165,被车轧住右脚,动作,轧住
2166,事故椹川大道北与康强路交汇处,紧急情况,事故
2167,据不少目击者介绍,声明,介绍
2168,下午两点半左右“鱼峰”大型水泥搅拌车椹川大道北右转康强路侧翻倒地,操作,侧翻倒地
2169,车上水泥和石子倾泻路面,操作,倾泻
2170,令人惨不忍睹的是:整车翻倒,操作,翻倒
2171,先是车头撞上妇女,动作,撞上
2172,车身及倾泻的水泥老人小女孩埋,动作,埋
2173,老人和小女孩当场死亡,状态变化,死亡
2174,司机敲碎车窗,动作,敲碎
2175,"市、赤坎区公安,交警、消防处置",操作,处置
2176,骑电动车妇女送到医院,移动,送到
2177,又调来4辆大型吊车,操作,调来
2178,水泥搅拌车吊起,操作,吊起
2179,被轧的老人和小女孩救,操作,救
2180,但最终无法救回生命,操作,救回
2181,目前事故原因侦察,操作,侦察
2182,当日云南石林风景区至昆明的高速公路6起交通事故,紧急情况,6起交通事故
2183,21辆汽车相撞,动作,相撞
2184,已造成至少1人死亡,状态变化,死亡
2185,昨天凌晨5点半工人体育场北路一辆三菱跑车撞到路中央的护栏,动作,撞到
2186,四轮朝天翻倒在路上,动作,翻倒
2187,车内一人面部受伤,状态变化,受伤
2188,10余米长的一段隔离护栏撞倒,状态变化,撞倒
2189,肇事的红色三菱跑车躺地上,动作,躺
2190,跑车前部受损,状态变化,受损
2191,车内的一些物品甩到路上,动作,甩
2192,现场周围道路拥堵,状态变化,拥堵
2193,两名交警现场疏导,操作,疏导
2194,目击者周先生说,声明,说
2195,凌晨5点半他家中听见,感知,听见
2196,一辆跑车翻倒在路中央,状态变化,翻倒
2197,车里两名女子爬出,动作,爬出
2198,其中一人捂右脸,动作,捂
2199,随后两名女子送到武警医院,移动,送到
2200,昨日清晨7时许新312国道锡沪路段交通事故,紧急情况,交通事故
2201,一辆卡车一辆面包车追尾,紧急情况,追尾
2202,事故共造成车内1人死亡,状态变化,死亡
2203,其余7人受伤,状态变化,受伤
2204,下午5点发稿,动作,发稿
2205,7名伤员中有1人抢救,操作,抢救
2206,受轻伤的卡车司机说,声明,说
2207,不知怎么回事两车撞,动作,撞
2208,面包车里的受伤乘客说,声明,说
2209,一早张泾出发,动作,出发
2210,伤员立即送往锡山人民医院,移动,送往
2211,前日凌晨汉宜线京山段交通事故,紧急情况,交通事故
2212,一辆三轮车大货车相撞,动作,相撞
2213,天门市石河镇的8名妇女前日相约,动作,相约
2214,一起到京山县的雁门口打零工,操作,打零工
2215,帮当地的农户摘花生,动作,摘
2216,当晚请一辆货三轮,动作,请
2217,送她们京山雁门口,移动,送
2218,前日凌晨4时左右8名妇女上货三轮,动作,上
2219,当车行至汉宜线京山钱场段(107省道)97kM+650M处京山籍大货车相撞,动作,相撞
2220,当时觉得一阵轰响,感知,觉得
2221,随后失去知觉,状态变化,失去
2222,伤势较轻的龚小香回忆,动作,回忆
2223,三轮车翻到路边,动作,翻
2224,4名同伴当场死亡,状态变化,死亡
2225,另两名同伴重伤,状态变化,重伤
2226,路过的司机拨打110,动作,拨打
2227,"随后,京山交警赶到现场",移动,赶到
2228,将伤势较重的王某贾某送入当地医院,移动,送入
2229,日前肇事大货车司机和货三轮司机警方控制,操作,控制
2230,中新网荆门10月13日电,声明,电
2231,13日凌晨3时40分许二广高速1738公里+800米处湖北省荆门市沙洋县纪山镇付场村路段大客车车祸,紧急情况,车祸
2232,客车翻覆高速护栏下,动作,翻覆
2233,导致34人受伤,状态变化,受伤
2234,其中危重2人,声明,危重
2235,据参加现场救助的湖北省沙洋县宣传部副部长段红蕾介绍,声明,介绍
2236,事发地湖北荆门市副市长周松青沙洋县委书记梁早阳赶到现场,移动,赶到
2237,组织当地公安、消防、卫生等部门施救,动作,施救
2238,34名伤者中除两人送往荆门市石化医院,动作,送往
2239,其他全部送往,移动,送往
2240,34名伤者中有重伤8人,状态变化,重伤
2241,据现场施救的湖北高警总队三支队支队长韩介绍,声明,介绍
2242,事发时北京开往张家界,移动,开往
2243,当时大客车过中央隔离带,移动,过
2244,再冲开对向车道护栏,动作,冲开
2245,客车事发时载客49人,动作,载客
2246,截止记者发稿时伤员送往,移动,送往
2247,高警路政人员清理现场,动作,清理
2248,二广高速事发地段通行,动作,通行
2249,新华网合肥10月8日电,声明,电
2250,"记者从合肥市交警部门获悉,8日凌晨合(合肥)宁(南京)高速公路一辆货车一辆大客车相撞",动作,相撞
2251,这起事故已造成5人死亡,状态变化,死亡
2252,据处理事故的合肥市交警支队高速公路一大队交警介绍,声明,介绍
2253,10月8日凌晨2时许大货车行经合宁高速公路(合肥-南京)15KM+600M处,动作,行经
2254,与来自河南省信阳市的一辆大客车相撞,动作,相撞
2255,目前5人死亡,状态变化,死亡
2256,合肥市委市政府重视,状态变化,重视
2257,市政府分管领导率市公安、安监、卫生等部门主要负责人第一时间赶赴现场,移动,赶赴
2258,并到医院看望事故中受伤人员,操作,看望
2259,同时要求市有关部门救治受伤人员,操作,救治
2260,立即开始事故调查,操作,调查
2261,认真做好善后工作,操作,做好
2262,8月23日上午9时40分京沪高速公路沧州服务区附近一辆由北向南行驶的金杯面包车撞高速公路护栏,动作,撞
2263,车上5名清华大学博士后研究人员1名司机受伤,状态变化,受伤
2264,被紧急送往沧州二医院,移动,送往
2265,仍有一名张姓博士后研究人员脱离危险,状态变化,脱离
2266,7月14日晚22时30分澄城县古徽街九路口交通事故,紧急情况,交通事故
2267,该县工商局一名工作人员驾驶的一辆面包车一辆摩托车相撞,动作,相撞
2268,7月14日晚22时30分左右澄城县古徽街九路口白色面包车一辆摩托车相撞,动作,相撞
2269,将摩托司机压车下,动作,压
2270,面包车司机马正平张某和殷某重伤,状态变化,重伤
2271,民警120急救车赶到现场,移动,赶到
2272,三名伤者送到澄城县人民医院,移动,送到
2273,马正平与殷某死亡,状态变化,死亡
2274,昨日下午澄城县人民医院医务人员告诉记者,声明,告诉
2275,7月14日晚上22时、7月15日凌晨5时马正平与殷某死亡,状态变化,死亡
2276,8月21日7时40分307国道河北黄骅市滕庄子乡康庄子路口一辆大客车一辆中巴客车相撞,动作,相撞
2277,截至昨日18时9人死亡,状态变化,死亡
2278,另有52人受伤,状态变化,受伤
2279,目前这些伤者医院救治,操作,救治
2280,昨晨大兴亦庄开发区一路口车祸,紧急情况,车祸
2281,一辆摩托车货车相撞,动作,相撞
2282,造成摩托车上人员一死,状态变化,死
2283,事故同济南路与景园街相交的十字路口处,紧急情况,事故
2284,目击者张先生说,声明,说
2285,早上7点半左右一辆摩托车一辆路过大货车相撞,动作,相撞
2286,摩托车上两人摔,动作,摔
2287,两人当时戴头盔,动作,戴
2288,南海网12月9日消息,声明,消息
2289,12月9日下午3时左右海文高速公路文昌至海口方向37公里处交通事故,紧急情况,交通事故
2290,9日下午2时55分文昌市公安消防支队接到命令,动作,接到
2291,在>海文高速文昌至海口方向37公里处小汽车交通事故,紧急情况,交通事故
2292,车上8名乘客困,状态变化,困
2293,下午3时42分文昌消防支队官兵到达现场,移动,到达
2294,2名儿童6名成人受伤,状态变化,受伤
2295,所有受困人员解救,操作,解救
2296,目前事故发生的具体原因交警部门调查,操作,调查
2297,昨天中午北六环内环酸枣岭桥西3公里处一辆奔驰一辆斯柯达追尾,动作,追尾
2298,先后与邻近车道上的两辆货车相撞,动作,相撞
2299,奔驰司机轻伤,状态变化,轻伤
2300,北六环内环方向交通拥堵两个多小时,状态变化,拥堵
2301,昨天中午12点左右一辆奔驰车中间车道行驶,移动,行驶
2302,“砰”的一声与前方一辆斯柯达追尾,动作,追尾
2303,并入内侧车道,动作,并入
2304,又与两辆货车相撞,动作,相撞
2305,4辆车横路中央,动作,横
2306,过往车辆避让,动作,避让
2307,4辆车司机下车,动作,下车
2308,奔驰司机头部流血,状态变化,流血
2309,随后多名交警赶到,移动,赶到
2310,将北六环内环方向封锁,动作,封锁
2311,昨天下午1点半队伍延至百善桥,声明,延至
2312,斯柯达停路旁,动作,停
2313,几名道路养护工人清理柴油碎玻璃,操作,清理
2314,现场交警表示,声明,表示
2315,昨天下午2点多路面清理,操作,清理
2316,北六环内环交通恢复,状态变化,恢复
2317,中新社杭州十二月四日电,声明,电
2318,今日上午八时三十分许浙江杭金衢高速公路诸暨段重大交通事故,紧急情况,重大交通事故
2319,三十三辆车相撞,动作,相撞
2320,一千余辆过往车辆滞留,状态变化,滞留
2321,事发后高速交警消防官兵医务人员被因人员救出,操作,救出
2322,一现场救援人员称,声明,称
2323,高速公路近五百余辆汽车排,动作,排
2324,准备上高速的几百辆汽车滞留,状态变化,滞留
2325,交通一时瘫痪,状态变化,瘫痪
2326,目前相关部门事故原因调查处理,操作,调查处理
2327,中新浙江网8月26日电,声明,电
2328,8月26日早上23省道富阳市新登镇军堰村附近两辆机动车相撞,动作,相撞
2329,2人当场死亡,状态变化,死亡
2330,杭州市公安局、卫生局、安监局和富阳市委、市政府及公安、有关乡镇的负责人赶赴现场,移动,赶赴
2331,并对下一步的工作部署,操作,部署
2332,杭州市蔡奇指示,操作,指示
2333,富阳市抢救重伤人员,操作,抢救
2334,做好善后工作,操作,做好
2335,查明事故原因,操作,查明
2336,当天早上8时20分左右吴某驾驶一辆丰田轿车,操作,驾驶
2337,由富阳驶往新登,移动,驶往
2338,途经23省道16公里720米附近,移动,途经
2339,轿车翻过花坛,动作,翻过
2340,对向车道相对方向行驶的叶某某驾驶的金龙牌大客车相撞,动作,相撞
2341,造成驾驶人吴某1名乘客当场死亡,状态变化,死亡
2342,4名乘客受伤,状态变化,受伤
2343,另1名坐在轿车内的乘客死亡,状态变化,死亡
2344,引起了各级领导政府部门重视,状态变化,重视
2345,杭州市公安局党委副书记、常务副局长郑贤胜抢救现场指出,声明,指出
2346,不惜一切代价抢救伤员,操作,抢救
2347,有关部门查明事故原因,操作,查明
2348,依法、客观、公正明确界定事故责任,操作,界定
2349,强化主体责任,状态变化,强化
2350,从源头上加强交通安全管理,状态变化,加强
2351,富阳市委常委、常务副市长汤金华要求,声明,要求
2352,富阳市有关部门做好善后工作,操作,做好
2353,千方百计地抢救伤员,操作,抢救
2354,调查事故原因,操作,调查
2355,目前公安机关事故调查,操作,调查
2356,中安在线7月7日讯,声明,讯
2357,7月7日下午省城徽州大道2公里牌石处交通事故,紧急情况,交通事故
2358,两辆货车相碰,动作,相碰
2359,导致6人死亡,状态变化,死亡
2360,市公安局交警支队三大队6、滨湖中队接到报警,动作,接到
2361,紧急展开工作,操作,展开
2362,合肥市政府市公安局有关领导重视,状态变化,重视
2363,分别赶往事故现场,移动,赶往
2364,责成有关部门,声明,责成
2365,妥善处理善后事宜,操作,处理
2366,当日下午2时14分许杜中伟驾驶货车,动作,驾驶
2367,沿徽州大道行驶徽州大道与方二路口南100米处,动作,行驶
2368,长丰县造甲乡驾驶人尹卫国驾驶货车,动作,驾驶
2369,由南向北逆向停在西侧路边道路施工,操作,施工
2370,另有11人受伤,状态变化,受伤
2371,皖A6A843号江淮牌轻型厢式货车上1死,状态变化,死
2372,目前合肥市第三人民医院收治7名伤者,操作,收治
2373,武警医院南区收治4名伤者,状态变化,收治
2374,据交警三大队事故处理人员判断,感知,判断
2375,皖A6A843货车驾驶人超速,动作,超速
2376,目前这起交通事故处理,操作,处理
2377,中新社西安十月十日电,声明,电
2378,记者陕西有关部门获悉,感知,获悉
2379,刚刚开通不久的西(安)至汉(中)高速公路八日交通事故,紧急情况,交通事故
2380,三十多辆车相撞,动作,相撞
2381,西汉高速公路中断超过三十个小时,状态变化,中断
2382,二00二年九月开工西(安)汉(中)高速公路,操作,开工
2383,今年九月三十日通车,状态变化,通车
2384,十月八日西汉高速汉中到西安方向涝峪段交通事故,紧急情况,交通事故
2385,造成三十多辆车相撞,动作,相撞
2386,西汉高速公路汉中到西安方向路段中断,状态变化,中断
2387,十月八日西汉高速公路大货车放行,状态变化,放行
2388,大批大货车进入高速路,动作,进入
2389,一些司机驾车,操作,驾车
2390,记者陕西省高速集团了解,感知,了解
2391,西安到汉中高速公路八日中午实行单幅通行,操作,实行
2392,大量从汉中前往西安车辆,移动,前往
2393,滞留汉中龙亭收费站附近路面上超过三十小时,动作,滞留
2394,新华网9月10日电,声明,电
2395,9月10日6时许塔里木沙漠公路伴行路交通事故,紧急情况,交通事故
2396,一辆小轿车一辆小客车相撞,操作,相撞
2397,2名司机受伤,状态变化,受伤
2398,记者新疆公安厅交警部门了解,感知,了解
2399,10日上午小轿车塔里木油田轮南镇至库尔勒市管道检修伴行公路72公里小客车相撞,动作,相撞
2400,4名女性死亡,状态变化,死亡
2401,两车司机受伤,状态变化,受伤
2402,巴音郭楞蒙古自治州党委、人民政府迅速派出由公安、安监等部门组成的工作组赶赴现场,移动,赶赴
2403,立即受伤人员送往医院,移动,送往
2404,中新网4月15日电,声明,电
2405,"据中国消防在线消息,4月14日京珠高速郑州往焦作方向28公里处19车连撞",动作,连撞
2406,50余人被困,状态变化,被困
2407,道路堵塞5个小时,状态变化,堵塞
2408,河南焦作武陟消防官兵出动,移动,出动
2409,奋战4个小时,操作,奋战
2410,成功解救所有被困人员,操作,解救
2411,昨天下午1点多101国道密云县庄头峪村附近路段上依维柯车农用车相撞,动作,相撞
2412,事故共造成6人死亡,状态变化,死亡
2413,14人轻微伤,状态变化,轻微伤
2414,市领导相关单位负责人赶往现场,移动,赶往
2415,事发客车超载,动作,超载
2416,农用车司机警方带走,动作,带走
2417,中新网雅江11月23日电,声明,电
2418,记者23日晚间四川甘孜州政府办获悉,声明,获悉
2419,该州境内的雅江县交通事故,紧急情况,交通事故
2420,已造成17人死亡,状态变化,死亡
2421,据雅江县政府报告,声明,报告
2422,23日13时35分左右雅江县恶古乡境内一辆农用车车载19人,动作,车载
2423,致17人死亡,状态变化,死亡
2424,接到事故报告,动作,接到
2425,甘孜州委、州政府启动重大交通事故应急预案,动作,启动
2426,迅速成立工作组,操作,成立
2427,相关领导率安监、公安、卫生等工作组赶赴事故现场,移动,赶赴
2428,甘孜州相关领导采取措施,动作,采取
2429,最大限度减少伤亡,状态变化,减少
2430,迅速开展工作,动作,开展
2431,严厉追究事故责任者,动作,追究
2432,目前伤者送往雅江县医院,移动,送往
2433,甘孜州代理州长益西达瓦任赶到现场,移动,赶到
2434,事故原因调查组调查,操作,调查
2435,昨日上午景德镇昌江区鱼山镇弯头坞附近客车客车相撞,动作,相撞
2436,其中景德镇开往乐平的客车撞,动作,撞
2437,5人当场死亡,状态变化,死亡
2438,两客车司机身受重伤,状态变化,身受重伤
2439,7月30日晚11时许苏州吴江市苏震桃公路与天鹅荡路十字路口三车追尾,紧急情况,追尾
2440,公安、消防、120等多部门出动,操作,出动
2441,10日晚9时30分永胜县境内的祥(云)宁(蒗)公路线二级公路教基田路段轿车摩托车相撞,动作,相撞
2442,记者昨日了解,感知,了解
2443,据永胜县交警大队介绍,声明,介绍
2444,当晚李某驾驶轿车,操作,驾驶
2445,从期纳公路线开往程海镇,移动,开往
2446,9时30分车行祥宁线二级路教基田路段,动作,行
2447,与驶来的程某驾驶的一辆摩托车相撞,动作,相撞
2448,轿车翻路侧沟中,动作,翻
2449,而轿车驾驶员车上一名乘客一村民受伤,状态变化,受伤
2450,民警赶到现场,移动,赶到
2451,并将伤者送至程海卫生院,移动,送至
2452,相关领导组成“7・10”特大事故处理工作领导小组,动作,组成
2453,死者遗体安葬事宜解决,操作,解决
2454,7月8日晚上7点左右市区勤俭东路铁路立交桥桥洞内两辆电动车相擦,动作,相擦
2455,造成一方女性当事人死亡,状态变化,死亡
2456,另一方男性当事人逃逸,动作,逃逸
2457,交警微博呼吁市民,声明,呼吁
2458,今天上午男性当事人归案,操作,归案
2459,据交警一大队副大队长沈惠忠介绍,声明,介绍
2460,警方7月8日晚上7点21分接到群众,操作,接到
2461,市区勤俭东路铁路立交桥桥洞内有人倒,状态变化,倒
2462,5分钟交警赶到,移动,赶到
2463,好心群众报警,动作,报警
2464,120急救车接到,动作,接到
2465,并将女子送往武警医院,移动,送往
2466,警方翻看监控视频,操作,翻看
2467,可疑男子锁定,操作,锁定
2468,该男子骑电动车,操作,骑
2469,行驶汽车北站旁、禾兴北路、城北路、东升路、百墅路、洪波路、洪兴路、勤俭路,操作,行驶
2470,并在沿线的百花社区超市、百墅路天天农展会、洪波路戴梦得超市出现,操作,出现
2471,警方微博呼吁市民,操作,呼吁
2472,今天上午这名男子归案,操作,归案
2473,近日丰田轿车沪杭高速公路第二车道行驶,动作,行驶
2474,突然莫名其妙地斜穿三四车道,动作,斜穿
2475,重重撞上右边护栏,动作,撞上
2476,巨大的冲击力5根护栏拔起,动作,拔起
2477,后排一名乘客系好安全带,动作,系好
2478,在接受高速交警调查,操作,调查
2479,肇事驾驶员回忆,声明,回忆
2480,就让后排我姐姐听,感知,听
2481,26日16时许五常市沙河镇北沙河村18名农民采山野菜,动作,采
2482,搭载一辆农用时锋三轮车,动作,搭载
2483,雪乡公路78公里处车会车,动作,会车
2484,目前伤者送至五常市人民医院,移动,送至
2485,其中2名伤势较轻的伤者处置,操作,处置
2486,已自行返回家中,移动,返回
2487,还有一人骨折,状态变化,骨折
2488,于昨天凌晨1时许送到哈尔滨市第五医院,移动,送到
2489,8月9日下午1时27分云南昭通巧家县交通事故,紧急情况,交通事故
2490,一辆从巧家县开往昭通的客车行驶该县包谷垴乡,动作,行驶
2491,翻入牛栏江中,动作,翻入
2492,截至昨晚7时24人失踪,状态变化,失踪
2493,青海新闻网讯,声明,讯
2494,8月19日晚315国道德令哈段交通事故,紧急情况,交通事故
2495,一辆从西宁驶往格尔木的夏利轿车一辆从德令哈驶向乌兰的夏利轿车相撞,动作,相撞
2496,其中4人死亡,状态变化,死亡
2497,8月12日上午11时许八大处公园附近的实兴北街和八大处街交叉口一辆水泥搅拌车一骑自行车女孩卷进,动作,卷进
2498,昨天上午11时20分许一辆印有“北京恒坤”字样的水泥搅拌车停十字路口,状态变化,停
2499,后车轮下一辆自行车扭曲变形,声明,扭曲变形
2500,警察正在勘查现场,操作,勘查
2501,一名40岁左右的男子坐地上,动作,坐
2502,中新浙江网7月24日电,声明,电
2503,7月23日下午104国道浙江省温岭市小溪岭樟树湾路段交通事故,紧急情况,交通事故
2504,一辆过境大货车侧翻公路上,动作,侧翻
2505,在事故现场看到,感知,看到
2506,一辆牌号为苏CB9668的大货车翻倒樟树湾的转弯处,动作,翻倒
2507,车上所载的电工专用配电柜撞出车外,动作,撞出
2508,用于包装配电柜的三夹抛撒,动作,抛撒
2509,在公路挡护墙外的山坡上躺着一个男子,动作,躺着
2510,已经当场死亡,状态变化,死亡
2511,从大货车流出来的柴油机油淌,动作,淌
2512,驾驶室里卡着一个男子,动作,卡着
2513,104国道小溪岭路段堵车,状态变化,堵车
2514,事故5时10分左右,紧急情况,事故
2515,樟树湾一辆大货车翻车,动作,翻车
2516,当场死亡一人,状态变化,死亡
2517,另有3人卡驾驶室内,动作,卡
2518,市交警大队大溪中队出动警力,操作,出动
2519,同时赶到现场,移动,赶到
2520,救援市消防大队官兵医护人员,动作,救援
2521,在多方救援人员十几分钟后男子救出,操作,救出
2522,紧急送往医院,移动,送往
2523,大货车驾驶员的下身双腿车体卡住,动作,卡住
2524,现场的医护人员立即伤者输液,操作,输液
2525,加上大货车侧翻公路挡护墙边,动作,侧翻
2526,40分钟后吊车来到现场,移动,来到
2527,这时大货车车头吊起,动作,吊起
2528,卡在驾驶室里的驾驶员拉出,动作,拉出
2529,到晚上9时左右事故现场清理,操作,清理
2530,104国道小溪岭段通车,状态变化,通车
2531,据新华社香港8月21日电,声明,电
2532,位于香港新界区的长青隧道通往九龙方向的管道内21日上午5车相撞,动作,相撞
2533,20多人受伤,状态变化,受伤
2534,2人受伤严重,紧急情况,受伤严重
2535,事故早上8时30分左右,紧急情况,事故
2536,一辆载客量为26人的小巴长青隧道通往九龙方向的管道内行驶,动作,行驶
2537,尾随的4辆车刹车,动作,刹车
2538,新华网郑州10月7日电,声明,电
2539,记者河南省社旗县委宣传部获悉,声明,获悉
2540,10月7日6时36分省道S333线社旗县桥头镇对吴庄村东500米处一辆重型半挂货车一辆长安之星面包车相撞,动作,相撞
2541,造成面包车上11人死亡,状态变化,死亡
2542,货车司机逃逸,动作,逃逸
2543,目前司机公安机关控制,动作,控制
2544,南阳市和社旗县启动应急预案,动作,启动
2545,市、县主要领导组织卫生、消防、安监、公安、交通、民政等部门赶赴现场,移动,赶赴
2546,4月5日下午河南南阳独山景区一辆卡车失控,状态变化,失控
2547,警方提供数字,操作,提供
2548,10多人受伤,状态变化,受伤
2549,据当地居民透露,声明,透露
2550,5日下午2时30分许一辆解放牌卡车南阳独山森林公园内行驶,移动,行驶
2551,在靠近大门的数百米道路上卡车刹车失灵,状态变化,失灵
2552,车内两名司机喊,动作,喊
2553,当时景区内百姓避让,动作,避让
2554,卡车下山的道路冲,动作,冲
2555,卡车景区内剐上一辆轿车,动作,剐上
2556,撞破自动大门,动作,撞破
2557,当场撞倒20多人,动作,撞倒
2558,撞坏5辆轿车,动作,撞坏
2559,前晚7时30分许通州西集镇郎府卫生院西侧路口一辆轿车冲路基,动作,冲
2560,撞倒多名路人,动作,撞倒
2561,撞穿一间民房外墙,动作,撞穿
2562,事故致一名3岁男童当场死亡,状态变化,死亡
2563,一名15岁少年身亡,状态变化,身亡
2564,另有3人受伤,状态变化,受伤
2565,肇事车当时摇摆,动作,摇摆
2566,当晚警方肇事司机血液取样,操作,血液取样
2567,昨天中午12点左右杭州市文一西路荆大线口一声巨响传来,动作,传来
2568,正在附近开店的王师傅看,感知,看
2569,一辆槽罐车本田小轿车压,动作,压
2570,随后交警施救车辆赶到现场,移动,赶到
2571,当大家小轿车拖,动作,拖
2572,车内的驾驶员死亡,状态变化,死亡
2573,新华网合肥8月1日电,声明,电
2574,"记者从安徽省合肥市交警部门获悉,7月31日凌晨合宁高速35公里处三辆车相撞",动作,相撞
2575,目前事故现场清理,操作,清理
2576,交通恢复畅通,状态变化,恢复畅通
2577,高速交警支队二大队介绍,声明,介绍
2578,31日凌晨两辆货车停靠在紧急停车道上,动作,停靠
2579,后面的一辆货车更换车轮胎,动作,更换
2580,一辆油罐车行至事发地点处,移动,行至
2581,猛烈地撞上货车,动作,撞上
2582,前面的一辆货车冲击,动作,冲击
2583,当场有4人死亡,状态变化,死亡
2584,另有2人受伤,状态变化,受伤
2585,事故现场清理,操作,清理
2586,近日一位父亲寻找目击者,动作,寻找
2587,10多天前一辆通州城管执法车撞伤男孩,动作,撞伤
2588,昨日通州城管确认,声明,确认
2589,近日父亲描述,声明,描述
2590,11月14日早上6点40分左右13岁的儿子骑,动作,骑
2591,到玉桥中学上学,动作,上学
2592,行至通州区梨园北街、光明小区门口,移动,行至
2593,被一辆车牌号为京EY122的通州城管执法车(白色现代索纳塔)撞伤,动作,撞伤
2594,幸亏路人玉桥中学的老师救,动作,救
2595,及时送潞河医院,动作,送
2596,目前孩子脱离危险,动作,脱离
2597,事发后城管部门垫付医药费,动作,垫付
2598,目前通州交管部门责任认定,动作,认定
2599,发帖是为了寻找目击者,动作,寻找
2600,以此方法征集目击者,动作,征集
2601,昨天晚上8点20分左右小屯立交桥上由东向西方向3公里处车祸,紧急情况,车祸
2602,"一辆装满窑泥,车牌号为云A65189的大货车一辆微型车一辆吉利车相撞",动作,相撞
2603,据交警四大队值勤民警介绍,声明,介绍
2604,目前2名幸存者在昆医院附二院治疗,操作,治疗
2605,车祸原因调查,操作,调查
2606,当日中午12时17分211国道宁夏盐池县惠安堡段两辆大客车相撞,动作,相撞
2607,宁夏自治区副主席齐同生带领负责同志,操作,带领
2608,处理善后事宜,操作,处理
2609,中新社重庆四月十二日电,声明,电
2610,记者今日重庆市消防总队证实,操作,证实
2611,四月十一日晚渝邻高速重庆段一辆小轿车货车相撞,动作,相撞
2612,小轿车起火燃烧,动作,起火燃烧
2613,据出事货车驾驶员介绍,声明,介绍
2614,当日晚上二十一时零四分驾驶大货车,操作,驾驶
2615,从四川邻水驶往重庆,移动,驶往
2616,当车行至重庆大湾收费站两公里处,动作,行至
2617,一辆车牌号为渝AW八一七七的福克斯小轿车撞上货车尾部,动作,撞上
2618,他车停到路边,动作,停到
2619,小轿车前部燃烧,动作,燃烧
2620,三名男乘客一名女乘客死亡,状态变化,死亡
2621,中新网温州4月1日电,声明,电
2622,今日凌晨5点浙江甬台温高速公路温州段交通事故,紧急情况,交通事故
2623,一辆半挂车一辆抛锚货车追尾,紧急情况,追尾
2624,造成2人死亡,状态变化,死亡
2625,2辆挂车报废,状态变化,报废
2626,烧毁10余吨布料,状态变化,烧毁
2627,综合新华社驻外记者报道,声明,报道
2628,巴基斯坦西北边境省首府白沙瓦的一家五星级酒店当地时间9日晚爆炸,紧急情况,爆炸
2629,目前死亡18人,状态变化,死亡
2630,另有约70人受伤,状态变化,受伤
2631,造成多名外籍人士伤亡,状态变化,伤亡
2632,据中国驻巴基斯坦大使馆说,声明,说
2633,没有中国人伤亡,状态变化,伤亡
2634,联合国在巴基斯坦首都伊斯兰堡的一个新闻中心10日证实,声明,证实
2635,一名联合国难民事务高级专员官员身亡,状态变化,身亡
2636,另有4名联合国工作人员受伤,状态变化,受伤
2637,联合国驻巴基斯坦新闻官伊什拉特・里兹维记者电话采访,操作,电话采访
2638,联合国在白沙瓦的机构10日关门,状态变化,关门
2639,巴安全部队官员说,声明,说
2640,几名武装人员9日晚驾驶卡车珍珠大陆酒店,操作,驾驶
2641,但武装人员开枪,动作,开枪
2642,并在卡车冲酒店大厅门口,动作,冲
2643,爆炸炸坏酒店大堂和一楼,状态变化,炸坏
2644,酒店外40多辆汽车炸毁,状态变化,炸毁
2645,警方赶到爆炸现场,移动,赶到
2646,并封锁酒店周边地区,操作,封锁
2647,一些伤者救援人员担架抬出,动作,抬出
2648,酒店大楼损毁,状态变化,损毁
2649,附近省议会和白沙瓦高等法院大楼的玻璃震碎,状态变化,震碎
2650,巴基斯坦总统扎尔达里吉拉尼声明,声明,声明
2651,对这起事件谴责,动作,谴责
2652,并要求当地有关部门救治受伤人员,操作,救治
2653,联合国秘书长潘基文9日声明,声明,声明
2654,强烈谴责这起爆炸袭击事件,动作,谴责
2655,据韩联社援引,声明,援引
2656,埃及当地媒体16日报道,声明,报道
2657,埃及东北部西奈半岛当天恐怖袭击,紧急情况,恐怖袭击
2658,4名韩国人死亡,状态变化,死亡
2659,受伤人员送往医院,移动,送往
2660,这起恐怖袭击埃及和以色列的边境地区,紧急情况,恐怖袭击
2661,一辆多名韩国游客乘坐巴士,动作,乘坐
2662,新华网阿布贾4月15日电,声明,电
2663,尼日利亚警方15日证实,声明,证实
2664,尼东北部博尔诺州一所女子学校14日晚不明身份武装分子袭击,紧急情况,袭击
2665,100余名学生劫持,动作,劫持
2666,博尔诺州警察局长拉万・坦科告诉新华社记者,声明,告诉
2667,该州切布克镇女子寄宿学校14日晚武装人员袭击,紧急情况,袭击
2668,警方袭击事件调查,动作,调查
2669,将全力解救学生,动作,解救
2670,一伙武装人员冲入学校,紧急情况,冲入
2671,袭击近4小时,紧急情况,袭击
2672,附近村民阻止武装人员,动作,阻止
2673,名安保人员打死,状态变化,打死
2674,目前尚无任何组织宣称,声明,宣称
2675,警方以及当地媒体认为,声明,认为
2676,“博科圣地”警方怀疑,声明,怀疑
2677,70余人丧生,状态变化,丧生
2678,2007年8月25日夜印度南部安得拉邦首府海得拉巴恐怖爆炸,紧急情况,恐怖爆炸
2679,造成42人死亡,状态变化,死亡
2680,印度中央情报机构印度内政部当地警方称,声明,称
2681,巴基斯坦首都伊斯兰堡万豪酒店外21日晚炸弹爆炸,紧急情况,炸弹爆炸
2682,至少60人死亡,状态变化,死亡
2683,另200多人受伤,状态变化,受伤
2684,伊斯兰堡警察局长称,声明,称
2685,一辆载有炸药的汽车撞向万豪酒店的大门,动作,撞向
2686,我们找出40具尸体,感知,找出
2687,据香港文汇报综合外电报道,声明,报道
2688,目击者官员称,声明,称
2689,当地时间昨晚8时许一辆大型卡车撞向金属大门,动作,撞向
2690,酒店的路障区炸,紧急情况,炸
2691,当时200至300人就餐,动作,就餐
2692,现场一名记者称,声明,称
2693,许多死伤者躺地上,动作,躺
2694,一名美国国务院官员3名同事走爆炸废墟,动作,走
2695,其中一人流血,动作,流血
2696,他们中餐厅后面转移,移动,转移
2697,新任总统扎尔达里距离酒店数百米的国会演讲,声明,演讲
2698,有290个房间的万豪酒店21日大爆炸,紧急情况,大爆炸
2699,一辆汽车驶到酒店外的路障,移动,驶到
2700,至少20辆停在外面街道车辆破坏,状态变化,破坏
2701,甚至有人看见,感知,看见
2702,酒店数百米外的建筑物窗户爆裂,状态变化,爆裂
2703,很多人酒店跑,动作,跑
2704,其它人躺卧地上,动作,躺卧
2705,爆炸现场起火,紧急情况,起火
2706,多架救伤车赶抵现场,移动,赶抵
2707,新华网联合国3月25日电,声明,电
2708,联合国安理会25日媒体声明,声明,声明
2709,4日也门东部恐怖袭击,紧急情况,恐怖袭击
2710,打击恐怖主义,动作,打击
2711,任何形式的恐怖主义国际和平与安全威胁,感知,威胁
2712,恐怖主义谁实施,操作,实施
2713,无法开脱罪责,操作,开脱
2714,安理会同时强调,声明,强调
2715,必须将这些恐怖主义行径的实施者、组织者、资助者和支持者绳之以法,操作,绳之以法
2716,敦促所有国家,操作,敦促
2717,按照国际法和安理会相关决议规定的义务也门当局合作,动作,合作
2718,也门东部哈德拉毛省安全官员24日说,声明,说
2719,位于该省的一处政府军军营当天基地”组织武装人员袭击,动作,袭击
2720,造成24名政府军士兵死亡,状态变化,死亡
2721,“基地”组织分支当时宣布,声明,宣布
2722,对这起袭击事件负责,感知,负责
2723,新华网巴格达4月1日电,声明,电
2724,联合国伊拉克援助团1日说,声明,说
2725,今年3月伊拉克境内恐怖袭击,紧急情况,恐怖袭击
2726,共导致592人死亡,状态变化,死亡
2727,1234人受伤,状态变化,受伤
2728,今年3月安巴尔省暴力事件,紧急情况,暴力事件
2729,至少156名平民死亡,状态变化,死亡
2730,741名平民受伤,状态变化,受伤
2731,首府拉马迪80人死亡,状态变化,死亡
2732,448人受伤,状态变化,受伤
2733,重要城市费卢杰76人死亡,状态变化,死亡
2734,293人受伤,状态变化,受伤
2735,自去年年初以来伊拉克安全严峻,状态变化,严峻
2736,据联合国伊拉克援助团统计,操作,统计
2737,2013年伊拉克恐怖袭击,紧急情况,恐怖袭击
2738,导致8868人死亡,状态变化,死亡
2739,超过1.8万人受伤,状态变化,受伤
2740,中新网4月4日电,声明,电
2741,据外媒4日报道,声明,报道
2742,俄罗斯联邦安全局FSB说,声明,说
2743,俄方拘捕25名乌克兰人,动作,拘捕
2744,这些人被指上个月克里米亚,感知,被指
2745,这批乌克兰人俄国境内恐怖袭击,紧急情况,恐怖袭击
2746,这些被FSB乌克兰人被控,感知,被控
2747,试图与俄国境内的极端分子联系,操作,联系
2748,这些人3月14日到17日期间袭击俄罗斯的罗斯托夫、伏尔加格勒、特维尔、奥廖尔、别尔哥罗德、卡尔梅克和鞑靼斯坦地区,动作,袭击
2749,乌克兰安全局负责人说,声明,说
2750,FSB反政府人士空运武器和炸药,操作,空运
2751,俄罗斯兼并克里米亚,操作,兼并
2752,俄国乌克兰东部边境集结军队,动作,集结
2753,国际在线消息,声明,消息
2754,中国云南省昆明市3・01暴力恐怖,紧急情况,暴力恐怖
2755,意大利驻华大使白达宁4日采访,操作,采访
2756,对该事件谴责,感知,谴责
2757,并对中国人民和政府慰问,感知,慰问
2758,我恐怖袭击事件谴责,感知,谴责
2759,对中国、对失去生命的遇难者及家人损害,操作,损害
2760,"要对中国人民,中国政府,特别是对遇难者的家属慰问",感知,慰问
2761,没有任何理由行为辩护,声明,辩护
2762,恐怖分子和其幕后恐怖集团伏法,操作,伏法
2763,8月20日阿尔及利亚爆炸,紧急情况,爆炸
2764,造成11人死亡,声明,死亡
2765,据阿尔及利亚内政部长称,声明,称
2766,爆炸首都阿尔及尔以东150公里的卜伊拉。,紧急情况,爆炸
2767,当地媒体报道称,声明,报道称
2768,包括4名军事人员在内的31人受伤,状态变化,受伤
2769,11名死平民,状态变化,死
2770,"当天上午6点,爆炸一个军事区域",紧急情况,爆炸
2771,第二次爆炸15分钟后在一家旅馆附近,紧急情况,爆炸
2772,当时一辆公共汽车载着工人,移动,载着
2773,武装分子转变攻击策略,状态变化,转变攻击策略
2774,此前武装分子打击边远地区的军事单位。,动作,打击
2775,实施这些炸弹攻击武装分子,动作,攻击
2776,伊拉克的恐怖分子训练,操作,训练
2777,印度东北部那加兰邦和阿萨姆邦传出爆炸声,移动,传出
2778,共造成44人死亡,状态变化,死亡
2779,另有上百人受伤,状态变化,受伤
2780,3日阿萨姆邦苏尼特普尔地区爆炸,紧急情况,爆炸
2781,造成3人死亡,状态变化,死亡
2782,自1947年印度独立,操作,独立
2783,该地区5万多人丧生,状态变化,丧生
2784,2004年9月1日俄北奥塞梯共和国别斯兰第一中学1000余名学生、家长和教师恐怖分子劫,紧急情况,劫
2785,造成335人死亡,状态变化,死亡
2786,10时武装恐怖分子占领北奥塞梯市第一中学,操作,占领
2787,将参加开学典礼的约1200名师生和家长扣作人质,紧急情况,扣作人质
2788,恐怖分子进攻,操作,进攻
2789,11时30分恐怖分子扔出纸条,动作,扔出
2790,俄罗斯车臣撤军,动作,撤军
2791,释放恐怖分子,动作,释放
2792,北奥塞梯总统扎索霍夫贾济科夫罗沙利抵达别斯兰,移动,抵达
2793,12时解决人质指挥部恐怖分子联系,动作,联系
2794,12时15分约50名儿童学校逃脱,动作,逃脱
2795,13时普京俄黑海海滨城市索契返回莫斯科,移动,返回
2796,在机场俄强力部门领导人会议,操作,会议
2797,15时30分恐怖分子释放15名儿童,动作,释放
2798,18时50分俄罗斯呼吁,动作,呼吁
2799,凌晨1时15分罗沙利医生恐怖分子联系,动作,联系
2800,3时恐怖分子中断电话谈判,状态变化,中断
2801,5时联合国安理会谴责,动作,谴责
2802,恐怖分子北奥塞梯扣押人质,动作,扣押
2803,10时30分俄总统新闻局宣布,声明,宣布
2804,12时谈判人员恐怖分子联系,动作,联系
2805,13时50分普京会见阿卜杜拉二世,动作,会见
2806,14时俄联邦安全局驻北奥塞梯官员表示,声明,表示
2807,16时40分恐怖分子释放26名妇女和儿童,动作,释放
2808,凌晨2时电话联络中断,状态变化,中断
2809,武装分子发射数枚火箭弹,动作,发射
2810,1名警察受伤,状态变化,受伤
2811,8时谈判人员恐怖分子联络,动作,联络
2812,12时45分行动指挥部恐怖分子商定,动作,商定
2813,从学校运送人质尸体,移动,运送
2814,13时零5分紧急情况部的人员学校运送尸体,移动,运送
2815,部分人质外逃,动作,外逃
2816,恐怖分子逃跑的人员开枪,动作,开枪
2817,13时15分特种部队冲进学校,动作,冲进
2818,13时50分部分恐怖分子窜出学校,动作,窜出
2819,16时俄军控制学校,操作,控制
2820,17时学校体育馆发现100多具尸体,感知,发现
2821,17时40分俄联邦安全局驻北奥塞梯官员表示,声明,表示
2822,特种部队恐怖分子向人群开枪后行动,操作,行动
2823,19时30分消灭20名恐怖分子,操作,消灭
2824,19时50分阿斯拉哈诺夫透露,声明,透露
2825,死亡超过150人,状态变化,死亡
2826,凌晨普京飞抵别斯兰,移动,飞抵
2827,已于当天上午返回莫斯科,移动,返回
2828,据俄媒体4日上午发布统计,动作,发布
2829,在这次人质事件中27名恐怖分子打死,状态变化,打死
2830,人质中至少有250人死亡,状态变化,死亡
2831,目前学校运出150具遇难者的尸体,移动,运出
2832,704人受伤,状态变化,受伤
2833,俄特种兵有10多人战死,状态变化,战死
2834,3月1日23时30分许昆明火车站警方封锁,操作,封锁
2835,当日21时20分许昆明火车站恐怖袭击,紧急情况,恐怖袭击
2836,一伙歹徒械伤人,状态变化,伤
2837,最新消息显示,声明,显示
2838,截至2日6时29人死亡,状态变化,死亡
2839,130余人受伤,状态变化,受伤
2840,中共中央总书记、国家主席、中央军委主席习近平指示,声明,指示
2841,依法惩处暴恐分子,操作,惩处
2842,将其嚣张气焰打下去,状态变化,打下去
2843,中新网伦敦7月1日电,声明,电
2844,英国安全官员称,声明,称
2845,格拉斯哥机场6月30日燃烧汽车撞击,动作,撞击
2846,伦敦29日炸弹袭击,紧急情况,炸弹袭击
2847,已有两人英格兰北部逮捕,操作,逮捕
2848,有五名旁观者格拉斯哥机场受伤,状态变化,受伤
2849,美国布什政府宣布,声明,宣布
2850,一辆绿色的大切诺基6月30日下午三点半(北京时间下午十一点半)格拉斯哥机场的主停机楼撞,动作,撞
2851,但车首撞毁玻璃门,状态变化,撞毁
2852,苏格兰警局局长威利-拉埃称,声明,称
2853,涉案车辆中的一名男子医院治疗,操作,治疗
2854,另一人警方拘留,操作,拘留
2855,警方发现“可疑装置”,感知,发现
2856,“可疑装置”带往一个安全地点,移动,带往
2857,我们处理此事,操作,处理
2858,3月1日晚云南昆明火车站暴力恐怖,紧急情况,暴力恐怖
2859,经公安部组织公安机关政法力量,操作,组织
2860,40余小时奋战,动作,奋战
2861,已于3月3日下午告破,状态变化,告破
2862,该案是以阿不都热依木・库尔班为首的暴力恐怖团伙所为,操作,所为
2863,现场公安机关击毙4名,动作,击毙
2864,其余3名落网,状态变化,落网
2865,记者3日获悉,声明,获悉
2866,受伤的20名危重伤员脱离生命危险,状态变化,脱离生命危险
2867,据美国《时代》周刊3月31日报道,声明,报道
2868,伊拉克警方日前证实,声明,证实
2869,伊拉克30日一座安全检查站枪击,动作,枪击
2870,随后拉马迪市一桥梁自杀式汽车炸弹袭击,动作,袭击
2871,1座桥梁倒塌,状态变化,倒塌
2872,1名自杀式炸弹袭击者靠近伊拉克拉马迪市的1座桥梁上引爆汽车,动作,引爆
2873,造成5人死亡,状态变化,死亡
2874,伊拉克警方表示,感知,表示
2875,部分桥体坠入幼发拉底河,移动,坠入
2876,伊拉克警方称,声明,称
2877,当天巴格达以南的约塞菲耶郊区一个超市的入口处炸弹爆炸,紧急情况,爆炸
2878,4名顾客死亡,状态变化,死亡
2879,2005年7月23日凌晨沙姆沙伊赫连环爆炸,紧急情况,连环爆炸
2880,目前至少90人死亡,状态变化,死亡
2881,240多人受伤,状态变化,受伤
2882,埃及官方和目击者证实,声明,证实
2883,沙姆沙伊赫爆炸,紧急情况,爆炸
2884,两起大规模汽车炸弹爆炸,紧急情况,爆炸
2885,自杀袭击者实施,操作,实施
2886,埃及安全部队官员告诉美联社记者,声明,告诉
2887,一辆装有300公斤爆炸物的汽车冲入贾扎拉花园饭店,移动,冲入
2888,与此同时汽车城区旅游商品市场爆炸,紧急情况,爆炸
2889,第3起爆炸海滨人行道附近,紧急情况,第3起爆炸
2890,一名男子携带一个大包,动作,携带
2891,然后用埃及口音的阿拉伯语说,声明,说
2892,两分钟后爆炸这名男子放包的地方,紧急情况,爆炸
2893,一个自称“阿卜杜拉・阿扎姆旅”的组织一家网站声明,声明,声明
2894,据埃及警方官员声明,声明,声明
2895,警方周六逮捕35名嫌疑人员,动作,逮捕
2896,中新网3月6日电,声明,电
2897,据美国中文网援引美国中文电视,声明,援引
2898,昆明恐怖袭击,紧急情况,恐怖袭击
2899,牵动全球华人的心,感知,牵动
2900,波士顿大学留学生3月4日晚学校悼念,感知,悼念
2901,为遇难者祈福,感知,祈福
2902,3月4日晚波士顿大学中国学生学者联合会组织悼念会,操作,组织
2903,用这种方式向昆明送去祝福,动作,送去
2904,五六十名来自中国各地的学生聚集波士顿大学的Marsh教堂前,动作,聚集
2905,为昆明暴恐事件遇难者祈福,感知,祈福
2906,这次的悼念会学生提出,声明,提出
2907,之后会把大家的祝福带回昆明,动作,带回
2908,远隔重洋的他们心系中国,感知,心系
2909,学生会主席袁海粟代表学生会,操作,代表
2910,向昆明送去祝福,动作,送去
2911,国际在线报道,声明,报道
2912,中国外交部发言人秦刚4日北京表示,声明,表示
2913,中方巴基斯坦伊斯兰堡3日恐怖袭击事件谴责,声明,谴责
2914,3月3日巴基斯坦首都伊斯兰堡法院恐怖分子开枪,动作,开枪
2915,秦刚4日表示,声明,表示
2916,我们恐怖袭击事件谴责,声明,谴责
2917,对遇难者哀悼,感知,哀悼
2918,对受伤人员和遇难者家属慰问,感知,慰问
2919,中方支持巴基斯坦政府和人民,操作,支持
2920,6月10日晚11时记者山东济南的中铁十四局办公大楼看到,感知,看到
2921,办公楼的大门紧闭,状态变化,紧闭
2922,院子的围栏上悬挂布幅,操作,悬挂
2923,阿富汗当地时间6月10日凌晨中国中铁十四局集团公司援建阿富汗的公路建设项目盖劳盖尔工地一伙武装分子袭击,紧急情况,袭击
2924,造成11名中国工人死亡,状态变化,死亡
2925,4名工人受伤,状态变化,受伤
2926,4月7日凌晨5时不明身份人员与近百名社会人员棍棒、器械袭击兰州军区五里铺干休所的军民共建项目兰州创意国际商贸城施工工地,紧急情况,袭击
2927,造成70余名农民工受伤,状态变化,受伤
2928,中3人重症监护室抢救,动作,抢救
2929,有关财物损失统计,动作,统计
2930,警方刑拘3名涉案人员,操作,刑拘
2931,工地施工方法人代表李某告诉记者,声明,告诉
2932,"当日凌晨5时左右一伙身着配有肩章、臂章制式服装,并头戴钢盔的男子进入施工现场",移动,进入
2933,但随后却遭到这伙人殴打,动作,殴打
2934,这些人工人驱离,动作,驱离
2935,期间致使多人受伤,状态变化,受伤
2936,"目前,甘肃省兰州市公安局与城关区分局成立联合专案组",操作,成立
2937,对此次暴力事件调查,动作,调查
2938,参与作案的甘肃永瑞房地产开发有限公司工作人员李某、薛某、张某扰乱,动作,扰乱
2939,据云南省卫生厅通报,声明,通报
2940,针对昆明恐怖袭击,紧急情况,恐怖袭击
2941,国家卫生计生委北京和成都派出国家医疗队四批、27人,移动,派出
2942,于2日抵达昆明,移动,抵达
2943,截至2日18:00各级医疗机构参与,动作,参与
2944,伤员救治医护人员达1916名,操作,救治
2945,应急采血1000多人次,操作,采血
2946,使用血液754袋,操作,使用
2947,刘延东副总理批示,声明,批示
2948,云南省领导国家卫生计生委领导赶赴现场,移动,赶赴
2949,云南省卫生厅表示,声明,表示
2950,3月1日21:17云南省急救中心接到电话,动作,接到
2951,调度救护车辆医护人员,操作,调度
2952,21:28到达现场,移动,到达
2953,出动救护车13辆,操作,出动
2954,派出医护人员80人,操作,派出
2955,转送伤亡人员,操作,转送
2956,目前医院成立专家组,操作,成立
2957,组织医务人员,操作,组织
2958,2004年3月11日西班牙首都马德里中部的一个火车站爆炸,紧急情况,爆炸
2959,造成200人死亡,状态变化,死亡
2960,新华网马德里3月17日电,声明,电
2961,西班牙报纸17日说,声明,说
2962,西班牙警方调查,操作,调查
2963,“摩洛哥战斗旅”去年摩洛哥制造卡萨布兰卡连环爆炸事件,操作,制造
2964,今年2月该组织西班牙北部布尔戈斯省西班牙炸药联盟工厂获得炸药,动作,获得
2965,本月11日6人13包炸药安放马德里的4辆近郊区旅客列车里,动作,安放
2966,然后引爆炸药,动作,引爆
2967,西班牙警方说,声明,说
2968,参加马德里爆炸事件的6名摩洛哥嫌疑分子中只有索甘姆1人逮捕,操作,逮捕
2969,西班牙国家情报中心得到消息,动作,得到
2970,马德里爆炸事件,紧急情况,爆炸事件
2971,一名伊拉克上校马德里制造爆炸事件,操作,制造
2972,国家情报中心秘密情报报告西班牙内政部,动作,报告
2973,成立1993年“摩洛哥战斗旅”,操作,成立
2974,在伊拉克南部库尔德地区训练,操作,训练
2975,该组织获得资金支持和训练条件,动作,获得
2976,俄罗斯莫斯科市检察长肖明21日宣布,声明,宣布
2977,莫斯科东部的“切尔基佐夫”市场当天上午爆炸,紧急情况,爆炸
2978,这起事件已造成至少10人死亡,状态变化,死亡
2979,爆炸市场内的两个集装箱之间,紧急情况,爆炸
2980,目前专家调查小组调查,操作,调查
2981,新华社记者爆炸现场看到,感知,看到
2982,市场内所有店铺和摊位关闭,状态变化,关闭
2983,大批来自高加索和独联体其他地区的商人离开现场,移动,离开
2984,2007年8月25日印度南部城市海得拉巴恶性爆炸,紧急情况,恶性爆炸
2985,造成至少42人死亡,状态变化,死亡
2986,70多人受伤,状态变化,受伤
2987,据有关医护人员透露,声明,透露
2988,死亡人数增加,状态变化,增加
2989,在海得拉巴市中心鲁比尼游乐园内的露天剧场表演,动作,表演
2990,当晚7点45分左右爆炸,紧急情况,爆炸
2991,造成观众席上3名观众死亡,状态变化,死亡
2992,死者的尸体炸飞,动作,炸飞
2993,散落周边的座位上,动作,散落
2994,多数伤者送往医院,移动,送往
2995,约15分钟后在距离游乐园约5公里的著名商业区库替餐馆爆炸,紧急情况,爆炸
2996,造成至少25人死亡,状态变化,死亡
2997,由于正值周末的傍晚逛街市民,移动,逛街
2998,人们逃离现场,移动,逃离
2999,当地警方封锁现场,操作,封锁
3000,并对爆炸事件调查,操作,调查
3001,数十辆救护车穿行医院爆炸现场,移动,穿行
3002,忙着救护伤员,操作,救护
3003,法警和警犬赶到现场,移动,赶到
3004,在15分钟内海得拉巴的一个休闲公园一个商业中心内爆炸,紧急情况,爆炸
3005,"随后不久,警方发现爆炸物",感知,发现
3006,当时爆炸装置启动,操作,启动
3007,还有一个爆炸装置放电影院内,动作,放
3008,警方25日早晨海得拉巴市的三个地方发现爆炸物,感知,发现
3009,印度总统帕蒂尔安萨里辛格谴责,动作,谴责
3010,帕蒂尔遇难者及遇难者家属慰问,动作,慰问
3011,安得拉邦首席部长雷迪爆炸,紧急情况,爆炸
3012,商讨目前局势和应对措施,操作,商讨
3013,他前往鲁比尼公园爆炸现场,移动,前往
3014,目前首席部长宣布,声明,宣布
3015,警方封锁城市的各个出口,操作,封锁
3016,并在机场火车站汽车站盘查,操作,盘查
3017,当地的影院商场取消活动,状态变化,取消
3018,并开始设置安检装置,操作,设置
3019,2002年10月13日夜晚印尼旅游胜地巴厘岛爆炸,紧急情况,爆炸
3020,202人丧生,状态变化,丧生
3021,印尼警察总监巴赫蒂亚尔称,声明,称
3022,中新网10月13日电,声明,电
3023,有关官员表示,声明,表示
3024,周六晚上巴厘岛爆炸,紧急情况,爆炸
3025,与此同时警察救援人员受伤者和遇难者抬离现场,动作,抬离
3026,其中一些伤者呻吟,动作,呻吟
3027,预计还有一些伤者埋废墟,动作,埋
3028,巴厘岛警方发言人亚蒂姆-苏亚特姆表示,声明,表示
3029,一位当地的摄影师表示,声明,表示
3030,发生爆炸的夜总会的玻璃炸比较远的地方,动作,炸
3031,还导致附近15辆汽车被毁,状态变化,被毁
3032,整个夜总会夷为平地,状态变化,夷为平地
3033,一位不愿透露姓名的警方官员表示,声明,表示
3034,现在很难辨认身份,感知,辨认
3035,因为他们的遗体炸,动作,炸
3036,上述那位摄影师表示,声明,表示
3037,本来我这些镜头拍,动作,拍
3038,我见过死伤现场,感知,见过
3039,他进入夜总会,移动,进入
3040,另一名游客表示,声明,表示
3041,很多被吓坏了的游客进入酒店房间,移动,进入
3042,选择在户外或是海滩上睡觉,动作,睡觉
3043,很多人飞机返家,移动,返家
3044,2月6日上午8时40分左右俄罗斯首都莫斯科第二节车厢爆炸,紧急情况,爆炸
3045,造成大约50人死亡,状态变化,死亡
3046,130多人受伤,状态变化,受伤
3047,俄罗斯政府宣布,声明,宣布
3048,"时隔半年,8月31日晚8时15分左右一名女性自杀爆炸袭击者莫斯科里加地铁站附近引爆炸弹",操作,引爆
3049,导致至少10人死亡,状态变化,死亡
3050,10月7日晚10时埃及红海旅游胜地西奈半岛3起爆炸,紧急情况,3起爆炸
3051,至少造成35名以色列游客死亡,状态变化,死亡
3052,160多人受伤,状态变化,受伤
3053,距埃以塔巴边界检查站仅200米远的埃及塔巴希尔顿饭店爆炸,紧急情况,爆炸
3054,另外两起爆炸希塔尼角苏尔坦角,紧急情况,两起爆炸
3055,许多以色列人西奈半岛度假,动作,度假
3056,埃及安全部门10月25日宣布,声明,宣布
3057,这个名叫伊亚德・赛义德・萨拉赫苏莱曼・艾哈迈德・萨利赫实施爆炸,操作,实施
3058,由于汽车炸弹爆炸,紧急情况,爆炸
3059,9月18日索马里过渡政府所在地索南部城市拜多阿的议会大楼前汽车炸弹爆炸,紧急情况,汽车炸弹爆炸
3060,至少6人死亡,状态变化,死亡
3061,当优素福的车队行驶议会大厦门口,移动,行驶
3062,一辆装有炸药的汽车总统车队附近爆炸,紧急情况,爆炸
3063,至少有6人死亡,状态变化,死亡
3064,还造成多人受伤,状态变化,受伤
3065,爆炸引发的火球冲入,移动,冲入
3066,周围多辆汽车毁,状态变化,毁
3067,议会大楼附近第二起爆炸,紧急情况,第二起爆炸
3068,索马里过渡政府发言人迪纳里当天说,声明,说
3069,索马里过渡政府外长伊斯梅尔・胡雷・布巴说,声明,说
3070,汽车炸弹遥控器引爆,操作,引爆
3071,11月9日晚约旦首都安曼三家酒店自杀式爆炸袭击,紧急情况,自杀式爆炸袭击
3072,造成57人死亡,状态变化,死亡
3073,300多人受伤,状态变化,受伤
3074,正在安曼访问中国国防大学学员代表团,动作,访问
3075,3月2日什叶派穆斯林云集卡尔巴拉巴格达,移动,云集
3076,上午10时许卡尔巴拉和巴格达两地自杀性爆炸袭击,紧急情况,自杀性爆炸袭击
3077,共造成271人丧生,状态变化,丧生
3078,600多人受伤,状态变化,受伤
3079,驻伊拉克的美军锁定扎卡维,动作,锁定
3080,1日晚一伙歹徒械昆明火车站砍杀路人,动作,砍杀
3081,截至2日零时许27人死亡,状态变化,死亡
3082,一百多人受伤,状态变化,受伤
3083,中共中央总书记、国家主席习近平李克强委派,操作,委派
3084,中央政治局委员、中央政法委书记孟建柱3月2日凌晨赴云南昆明,移动,赴
3085,3月1日晚昆明火车站恐怖袭击,紧急情况,恐怖袭击
3086,并慰问受伤群众受害者家属,感知,慰问
3087,2006年7月11日晚印度经济首都孟买爆炸,紧急情况,爆炸
3088,目前至少200人死亡,状态变化,死亡
3089,另有625人受伤,状态变化,受伤
3090,新华网联合国3月18日电,声明,电
3091,联合国安理会18日媒体声明,声明,声明
3092,以最强烈的言辞谴责,声明,谴责
3093,当天阿富汗法里亚布省恐怖袭击,紧急情况,恐怖袭击
3094,要求将制造袭击者绳之以法,操作,绳之以法
3095,"任何恐怖主义行动逆转阿富汗人主导的,在阿富汗实现和平、民主和稳定的道路",操作,逆转
3096,这一道路阿富汗人民、政府及国际社会支持,操作,支持
3097,阿富汗北部法里亚布省18日自杀式爆炸袭击,紧急情况,爆炸袭击
3098,造成15名平民死亡,状态变化,死亡
3099,目前组织和个人宣称,声明,宣称
3100,人民网4月8日讯,声明,讯
3101,俄罗斯联邦安全局局长博尔特尼科夫日前表示,声明,表示
3102,俄安全局2014年第一季度阻止恐怖袭击19起,动作,阻止
3103,博尔特尼科夫指出,声明,指出
3104,俄一季度缴获爆炸装置79个炸药250多公斤500多支武器,动作,缴获
3105,造成202人丧生,状态变化,丧生
3106,今天早上昆明公共汽车爆炸,紧急情况,爆炸
3107,今天下午公安部派一个刑侦专家组,操作,派
3108,2003年8月19日联合国驻伊拉克办事处袭击,紧急情况,袭击
3109,造成至少24人死亡,状态变化,死亡
3110,100多人受伤,状态变化,受伤
3111,一周后通过第1502号决议,动作,通过
3112,经过救援人员彻夜工作,操作,工作
3113,联合国驻伊拉克办事处遭汽车炸弹袭击现场的搜救工作20日上午停止,状态变化,停止
3114,新华社记者现场看到,感知,看到
3115,铲车等工程机械进入现场,移动,进入
3116,并开始对废墟清理,操作,清理
3117,救援人员记者说,声明,说
3118,一位联合国高级官员说,声明,说
3119,美国调查人员抵达现场,移动,抵达
3120,并开始寻找破案线索,操作,寻找
3121,伊拉克临时管理委员会20日巴格达说,声明,说
3122,爆炸事件外国恐怖分子制造,操作,制造
3123,伊拉克人民恐怖分子斗争,操作,斗争
3124,伊拉克20日袭击驻伊美军,紧急情况,袭击
3125,美军第四步兵师一名发言人说,声明,说
3126,美军车队当天克里特地区袭击,紧急情况,袭击
3127,一名随军工程承包商死亡,状态变化,死亡
3128,两名士兵受伤,状态变化,受伤
3129,但是这名发言人透露,声明,透露
3130,中国网4月11日讯,声明,讯
3131,俄联邦安全局局长博尔特尼科夫周四(4月10日)表示,声明,表示
3132,俄安全局和一些列其它国家制止索契奥运设施恐怖袭击,操作,制止
3133,使用自杀式炸弹爆炸,紧急情况,爆炸
3134,博尔特尼科夫表示,声明,表示
3135,冬奥会期间飞往索契航班,移动,飞往
3136,所有才不允许携带液体,动作,携带
3137,因为恐怖分子使用特别液体,动作,使用
3138,博尔特尼科夫昨日称,声明,称
3139,制止恐怖袭击,动作,制止
3140,没有明确具体细节,声明,明确
3141,2002年12月2日哈特考帕火车站外一辆公共汽车爆炸,紧急情况,爆炸
3142,公共汽车尾部受损,状态变化,受损
3143,警方逮捕6人,操作,逮捕
3144,西班牙民族分裂组织“埃塔”3日首都马德里5个加油站5起爆炸,紧急情况,5起爆炸
3145,造成2人轻伤,状态变化,轻伤
3146,据西班牙内政部透露,声明,透露
3147,当天下午5时30分一匿名人士电话《加拉报》,动作,电话
3148,当天下午6时30分马德里5个加油站爆炸,紧急情况,爆炸
3149,西班牙警方加油站的人员转移安全地区,移动,转移
3150,大约6时30分5个加油站爆炸,紧急情况,爆炸
3151,这些炸弹安放加油站,动作,安放
3152,马德里大区政府当天呼吁,声明,呼吁
3153,全城所有警备装置和人员出动,动作,出动
3154,今年8月以来“埃塔”组织西班牙北部地区爆炸,紧急情况,爆炸
3155,并造成一些人受伤,状态变化,受伤
3156,6月1日阿富汗坎大哈市内的一座清真寺爆炸,紧急情况,爆炸
3157,至少40人死亡,状态变化,死亡
3158,另有60人受伤,状态变化,受伤
3159,"在“9・11”事件周年即将来临之际,阿富汗5日恐怖袭击",紧急情况,恐怖袭击
3160,一枚汽车炸弹阿富汗首都喀布尔爆炸,紧急情况,爆炸
3161,150人受伤,状态变化,受伤
3162,与此同时阿富汗南方坎大哈参加阿富汗过渡政府总统卡尔扎伊,状态变化,参加
3163,卡尔扎伊逃过,状态变化,逃过
3164,本年度恐怖袭击伊拉克,紧急情况,恐怖袭击
3165,2月28日希拉市炸弹袭击,紧急情况,炸弹袭击
3166,造成125名平民死亡,状态变化,死亡
3167,200人受伤,状态变化,受伤
3168,巴基斯坦电视台19日报道,声明,报道
3169,当天凌晨卡拉奇爆炸,紧急情况,爆炸
3170,造成至少110人死亡,状态变化,死亡
3171,贝・布托乘坐的卡车附近两次爆炸,紧急情况,两次爆炸
3172,内政部长谢尔帕奥表示,声明,表示
3173,据医院方面证实,声明,证实
3174,至少有110人死亡,状态变化,死亡
3175,另有200多人受伤,状态变化,受伤
3176,据巴联合通讯社报道,声明,报道
3177,由于此前曾有恐怖分子贝・布托袭击,操作,袭击
3178,当局18日卡拉奇部署近2万名安全人员,操作,部署
3179,贝・布托18日下午抵达卡拉奇,移动,抵达
3180,受到成千上万的人民党支持者欢迎,动作,欢迎
3181,巴政府贝・布托提供一辆防弹汽车,动作,提供
3182,贝・布托讲话,声明,讲话
3183,贝・布托取消该计划,状态变化,取消
3184,巴总统穆沙拉夫和总理阿齐兹谴责,动作,谴责
3185,当地时间7月11日傍晚印度西部城市孟买爆炸,紧急情况,爆炸
3186,已经造成了至少200人死亡,状态变化,死亡
3187,连环爆炸傍晚运输高峰时段西线城铁,紧急情况,连环爆炸
3188,印度政府宣布,声明,宣布
3189,2005年5月9日体育场爆炸,紧急情况,爆炸
3190,造成30余人死亡,状态变化,死亡
3191,俄罗斯总统驻南部联邦区全权代表雅科夫列夫10日宣布,声明,宣布
3192,参与车臣首府格罗兹尼狄纳莫体育场恐怖爆炸案的两名嫌疑人抓获,操作,抓获
3193,据俄媒体报道,声明,报道
3194,雅科夫列夫说,声明,说
3195,俄副总检察长弗里金斯基10日证实,声明,证实
3196,被拘押的这两人实施狄纳莫体育场爆炸案,操作,实施
3197,车臣首府格罗兹尼的狄纳莫体育场5月9日爆炸,紧急情况,爆炸
3198,炸死卡德罗夫伊萨耶夫7人,状态变化,炸死
3199,爆炸物安置主席台下,操作,安置
3200,车臣有关部门狄纳莫体育场的主席台看台维修,操作,维修
3201,工程5月8日结束,状态变化,结束
3202,5月29日俄警方臣乌鲁斯马尔坦区抓获建筑工人,操作,抓获
3203,新华社联合国3月2日电,声明,电
3204,联合国安理会2日媒体声明,声明,声明
3205,1日中国昆明火车站恐怖袭击,紧急情况,恐怖袭击
3206,将恐怖袭击实施者、组织者、资助者和支持者绳之以法,操作,绳之以法
3207,"安理会受害者及其家人,以及中国人民和政府同情",感知,同情
3208,巴西当地媒体4月8日报道,声明,报道
3209,巴西联邦监狱系统日前发现,感知,发现
3210,一起犯罪分子炸毁桥梁,动作,炸毁
3211,巴西联邦监狱系统去年9月犯罪集团“首都第一司令部”服刑人员监听,动作,监听
3212,两名犯人讨论,声明,讨论
3213,炸毁蒂巴和圣保罗两座城市间116号国道上一座桥梁,动作,炸毁
3214,并将监听内容汇报巴西司法部,声明,汇报
3215,司法部通知库里蒂巴所在的帕拉纳州公共安全和司法局,声明,通知
3216,巴西联邦监狱系统强调,声明,强调
3217,任何在监狱中非正常行为他们监控,动作,监控
3218,帕拉纳州警方做好准备,状态变化,做好
3219,世界杯库里蒂巴举行,操作,举行
3220,11月17日网友称,声明,称
3221,今日中午上海亭枫公路3168号的顶新箱包公司70多名员工食物中毒,紧急情况,食物中毒
3222,其中1人生命危险,状态变化,生命危险
3223,新民网记者前往金山中心医院,移动,前往
3224,今日中午70多位员工吃盒饭,动作,吃
3225,下午3时左右有人出现症状,状态变化,出现
3226,被送往金山朱泾地段医院,移动,送往
3227,因有42名员工转入金山中心医院,移动,转入
3228,顶新箱包公司员工目前治疗,操作,治疗
3229,发生多人食物中毒,紧急情况,食物中毒
3230,顶新箱包公司负责人表示,声明,表示
3231,17日下午石家庄市卓达服装城一工厂20余名工人出现食物中毒症状,状态变化,出现
3232,他们进食半熟的炒豆角,动作,进食
3233,卫生部门介入调查,操作,介入调查
3234,17日21时许河北朝仁医院急诊科十几名年青男女打吊瓶,动作,打吊瓶
3235,另两间治疗室内有患者,声明,有
3236,一男子床位旁安放重症监护仪,声明,安放
3237,目前男主人身体好转,状态变化,好转
3238,仍在医院治疗观察,操作,治疗观察
3239,2月14日当日下午4时许肇庆市四会益群街17号出租楼楼下气氛紧张,状态变化,紧张
3240,在将出租屋封锁了一段时间后几名民警里面抬出两具用白色棉被包裹的尸体,动作,抬出
3241,昨日记者赶到现场,移动,赶到
3242,事故中女孩父亲送往医院,动作,送往
3243,至于事故原因家属食物中毒,紧急情况,食物中毒
3244,9月19日上午甘肃省武威市第一幼儿园部分儿童出现症状,状态变化,出现
3245,经当地卫生部门诊断,操作,诊断
3246,截至20日上午11时100多名儿童医院检查,操作,检查
3247,其中59名儿童确诊,动作,确诊
3248,19日上午武威市第一幼儿园个别儿童出现症状,状态变化,出现
3249,幼儿园凉州区卫生局汇报,操作,汇报
3250,之后幼儿园通知家长,声明,通知
3251,孩子出现症状,状态变化,出现
3252,立即带孩子武威市人民医院儿科检查治疗,操作,检查治疗
3253,武威市人民医院启动突发事件紧急预案,操作,启动
3254,对这次大型的突发公共卫生事件救治工作垫资所有前来检查治疗的儿童,动作,垫资
3255,有百余名儿童医院观察治疗,操作,观察治疗
3256,之后来检查的部分孩子转院凉州区人民医院,移动,转院
3257,59名儿童中毒,紧急情况,中毒
3258,正在医院治疗,操作,治疗
3259,据凉州区卫生局介绍,动作,介绍
3260,发生中毒事件的幼儿园所有餐具封存,操作,封存
3261,并移交武威市疾控中心,移动,移交
3262,东方网11月12日信息,声明,信息
3263,昨日中午11时45分左右荆州市公安县甘家厂乡食物中毒,紧急情况,食物中毒
3264,一废品收购站8名工人吃午饭,动作,吃
3265,出现食物中毒,状态变化,出现
3266,另6人送住医院,移动,送住
3267,省委书记、省长罗清泉指示,声明,指示
3268,全力抢救中毒人员,操作,抢救
3269,省政府副秘书长周贤启赶赴现场,移动,赶赴
3270,目前当地政府启动应急预案,操作,启动
3271,成立4个小组,操作,成立
3272,处理善后工作,操作,处理
3273,记者昨晚10时发稿,动作,发稿
3274,两名中毒者抢救,操作,抢救
3275,南方都市报2月21日信息,声明,信息
3276,前日下午湛江市徐闻县下桥镇糖厂小学食物中毒,紧急情况,食物中毒
3277,共有45名学生送到医院,移动,送到
3278,至目前止食物中毒21名,紧急情况,食物中毒
3279,另24名入院学生紧张,感知,紧张
3280,学生食用不洁食物,动作,食用
3281,2月19日11时许住校学生饭堂里吃中午饭,动作,吃
3282,部分学生出现中毒症状,状态变化,出现
3283,下午3时许21名学生出现不适症状,状态变化,出现
3284,并被紧急送到下桥镇卫生院,移动,送到
3285,随后送往徐闻县人民医院,移动,送往
3286,据六年级学生宋文忠说,声明,说
3287,他中午吃学校饭堂里的饭菜,动作,吃
3288,出现肚子疼痛,状态变化,出现
3289,在旁边的两名女生点头,动作,点头
3290,他们吃中午饭,动作,吃
3291,在医院治疗的学生表示,声明,表示
3292,他们中午吃饭时吃一种名叫雪豆的蔬菜,动作,吃
3293,当晚8点医生称,声明,称
3294,21名学生抢救,操作,抢救
3295,除了其中两名呕吐,动作,呕吐
3296,徐闻县公安卫生调查,操作,调查
3297,有关部门调查,操作,调查
3298,学生们吃不洁雪豆,动作,吃
3299,昨天下午三四时深圳龙岗区平湖街道一家港资厂员工食物中毒,紧急情况,食物中毒
3300,知情人士透露中毒人数,声明,透露
3301,平湖街道办统计中毒人数,操作,统计
3302,目前大部分员工治愈,状态变化,治愈
3303,仍有部分员工医院治疗,操作,治疗
3304,事发的工厂是港资厂,声明,是
3305,主要生产相框,声明,生产
3306,昨天下午三四时许数百工人出现症状,状态变化,出现
3307,该工厂的负责人组织车辆,操作,组织
3308,将出现症状的员工送往平湖人民医院、山厦医院、深联医院、横岗人民医院、沙湾医院急诊科,移动,送往
3309,新华网新加坡4月6日电,声明,电
3310,据新加坡媒体报道,声明,报道
3311,新加坡百余人日前食物中毒,紧急情况,食物中毒
3312,其中一名马来族妇女6日死亡,状态变化,死亡
3313,这些人3日新加坡一家临时摊位食用罗惹,动作,食用
3314,发生食物中毒症状,状态变化,发生
3315,目前29人医院观察治疗,操作,观察治疗
3316,新华网深圳1月10日电,声明,电
3317,深圳市南山美都足浴城50多名女技师9日午饭后出现中毒现象,状态变化,出现
3318,被紧急送往医院,移动,送往
3319,这50多名女工9日食用问题四季豆,动作,食用
3320,被及时送到深圳市南山蛇口人民医院,移动,送到
3321,医院调集骨干人员,操作,调集
3322,对中毒女工治疗,操作,治疗
3323,27日河源市连平县上坪镇第二中学疑似食物中毒,紧急情况,疑似食物中毒
3324,该校55名学生学校用早餐,动作,用
3325,据当地政府有关负责人介绍,声明,介绍
3326,昨日上午连平县上坪二中55名学生进食一盘红萝卜鸡蛋炒粉丝,动作,进食
3327,昨天下午3时10分左右这批学生出现现象,状态变化,出现
3328,立即将55名疑似食物中毒的学生送到当地医院,移动,送到
3329,经过医院医生治疗,操作,治疗
3330,昨晚部分学生出院,操作,出院
3331,昨晚8时35分记者发稿,动作,发稿
3332,20多名学生医院观察救治,操作,观察救治
3333,昨晚8时30分连平县政府该县上坪镇召开会议,操作,召开
3334,由于该校学生进食变质食物,动作,进食
3335,昨晚当地卫生监督所疾控中心提取相关样本,操作,提取
3336,沈阳晚报沈阳网讯,声明,讯
3337,2014年的第一天辽宁女篮终结山西女篮12连胜,动作,终结
3338,送对手赛季首败,动作,送
3339,山西女篮大部分球员赛前食物中毒,紧急情况,食物中毒
3340,这也影响她们,动作,影响
3341,辽宁与山西的比赛计划本周二,动作,计划
3342,赛前出现突发状况,状态变化,出现
3343,山西女篮大部分成员食物中毒,紧急情况,食物中毒
3344,其他队员出现症状,状态变化,出现
3345,前往医院治疗,操作,治疗
3346,昨天沈阳晚报、沈阳网记者辽宁省篮协一位官员了解,动作,了解
3347,本网最新消息,声明,最新消息
3348,叶县廉村镇实验学校学生返校,移动,返校
3349,公安机关介入调查,操作,介入调查
3350,下午14时20分叶县当地政府部门称,声明,称
3351,3月18日上午9时叶县廉村镇实验学校几名学生出现食物中毒反应,状态变化,出现
3352,经县派专家组诊断,操作,诊断
3353,这几名学生食用不洁食物,动作,食用
3354,3月18日215人医院就诊,操作,就诊
3355,截止3月19日12时专家组相关学生体检,操作,体检
3356,该校恢复上课,状态变化,恢复
3357,平顶山市叶县党委政府重视,动作,重视
3358,立即成立工作小组,操作,成立
3359,马来西亚槟城监狱超过644名囚犯上周五吃了狱方食物,动作,吃了
3360,马来西亚有史以来最多人食物中毒,紧急情况,食物中毒
3361,马国卫生部表示,声明,表示
3362,截至昨天50人痊愈,状态变化,痊愈
3363,卫生部主管公共卫生的副总监鲁门昨天说,声明,说
3364,上周五槟城监狱食物中毒,紧急情况,食物中毒
3365,造成644名囚犯腹泻,动作,腹泻
3366,截至前天上午8时594名病患痊愈,状态变化,痊愈
3367,当局调查发现,动作,发现
3368,事发当天上午狱方提供大宝森节特餐辣椒鸡饭出现问题,状态变化,出现
3369,当天的食物四名厨师29名囚犯负责,动作,负责
3370,厨具食物样本化验,操作,化验
3371,结果五天后出炉,状态变化,出炉
3372,长城网衡水3月11日电,声明,电
3373,3月10日下午一点半左右衡水交警直属一大队邓庄中队班长张春生民警大广高速滏阳出口执行,动作,执行
3374,突然一辆黑色轿车紧急刹车停,移动,停
3375,一名中年男子跑,移动,跑
3376,拉住张春生的手,移动,拉住
3377,张春生看到老人孩子,感知,看到
3378,张春生安排用警车开道医院,动作,安排
3379,一面用对讲机沿途各岗联系,动作,联系
3380,请求提前疏通道路,操作,疏通
3381,患者到达哈励逊国际和平医院,状态变化,到达
3382,张春生发动警车,动作,发动
3383,带着这一家人赶到衡水市毒物检测中心,移动,赶到
3384,通过检测他们“硝”中毒,紧急情况,“硝”中毒
3385,知道中毒原因后医院治疗,操作,治疗
3386,半个小时后祖孙俩脱离,状态变化,脱离
3387,医生告诉中年男子,动作,告诉
3388,双膝跪两位交警,移动,跪
3389,忙把中年男子拉起身来,动作,拉起身来
3390,新华网3月21日电,声明,电
3391,截至21日上午鸡西市3所小学21名学生出现疑似食物中毒症状,状态变化,出现
3392,这21名学生食用盒饭,动作,食用
3393,于20日下午出现症状,状态变化,出现
3394,经过医院诊治,操作,诊治
3395,现已经全部返回家中,移动,返回
3396,鸡西市卫生行政部门成立医疗救治组卫生监督组流行病学调查组,操作,成立
3397,并对患者的呕吐物化验,操作,化验
3398,同时要求各医疗机构发现患者,感知,发现
3399,目前送餐企业停业整顿,状态变化,停业整顿
3400,具体发病原因调查,操作,调查
3401,2002年12月5日上午江苏镇江丹阳市皇塘镇吴塘初级中学食物中毒,紧急情况,食物中毒
3402,近百名学生吃学校食堂的早餐,动作,吃
3403,其中4名严重者抽搐,动作,抽搐
3404,吴塘中学分开,动作,分开
3405,发生中毒事件吴塘初级中学,紧急情况,发生
3406,当日上午寄宿生们学校食堂就餐,动作,就餐
3407,食堂提供早餐,声明,提供
3408,学生们吃早餐,动作,吃
3409,陆续出现症状,状态变化,出现
3410,学校老师他们送到附近的皇塘卫生院,移动,送到
3411,到8时30分左右近百名学生送到医院,移动,送到
3412,其中有三女一男抽搐,动作,抽搐
3413,被急送丹阳人民医院,移动,急送
3414,据吴塘初级中学办公室主任江涛介绍,声明,介绍
3415,有近百名学生中毒,紧急情况,中毒
3416,警方早餐的食物取样,操作,取样
3417,承包人警方带走,动作,带走
3418,中新网10月19日电,声明,电
3419,据外媒19日报道,声明,报道
3420,近日印度北部中毒事件,紧急情况,中毒事件
3421,目前32人丧生,紧急情况,丧生
3422,另有50人感到,感知,感到
3423,印度一名警官说,声明,说
3424,这起事件发生周四(17日)北方邦阿桑加尔地区一处山村,动作,发生
3425,数十村民饮用一处商店买来的自酿酒,动作,饮用
3426,被送往当地医院,移动,送往
3427,截止目前32人身亡,紧急情况,身亡
3428,目前50人医院内接受治疗,操作,接受治疗
3429,当局此事调查,操作,调查
3430,并将8名政府官员4名警察停职,状态变化,停职
3431,印度近年来假酒中毒事件,紧急情况,假酒中毒事件
3432,没有取得酿酒执照的非法商家添加化学物质,动作,添加
3433,西安晚报信息,声明,信息
3434,9月25日中午丹凤县武关中学食物中毒,紧急情况,食物中毒
3435,54名学生用餐,动作,用餐
3436,其中一半学生出现症状,状态变化,出现
3437,当天恰逢中秋节武关中学学生食堂改善伙食,动作,改善伙食
3438,"午餐向学生提供炒豆角和土豆炒肉片,主食是米饭",操作,提供
3439,有54人不适,状态变化,不适
3440,27人出现症状,状态变化,出现
3441,将呕吐学生送往县医院,移动,送往
3442,其余学生送往镇卫生院,移动,送往
3443,丹凤县委、县政府主要领导闻讯,感知,闻讯
3444,并紧急召集卫生、药监、教育、公安,操作,召集
3445,初步确定豆角未炒熟,声明,确定
3446,中毒学生昨日下午出院,操作,出院
3447,东南网3月13日讯,声明,讯
3448,据台湾媒体报道,声明,报道
3449,台中市梧栖中学21名学生昨天吃完午餐,动作,吃完
3450,下午3时许出现腹痛,状态变化,出现
3451,少部分学生发烧,状态变化,发烧
3452,紧急送童综合医院急诊治疗,操作,急诊治疗
3453,梧栖中学教务主任表示,声明,表示
3454,学生吃完午餐后反映,声明,反映
3455,出现恶心、腹痛及发烧,状态变化,出现
3456,台中卫生局食品药物管理科长邱惠慈指出,声明,指出
3457,卫生局接获通报后派人梧栖中学,动作,派
3458,要求供应营养午餐的餐盒厂,动作,要求
3459,梧栖中学学生昨天中午吃了沙茶拌面、肉排、菜头豆轮、酱香肉丸、蔬菜及冬菜粉丝汤,动作,吃了
3460,2008年7月5日巍山县大仓镇甸中村委会一村民家中食物中毒,紧急情况,食物中毒
3461,有286人中毒,紧急情况,中毒
3462,巍山县委政府相关部门重视,动作,重视
3463,286名中毒者7月11日治愈,状态变化,治愈
3464,疾控工作人员村民们讲解,声明,讲解
3465,新华网9月8日信息,声明,信息
3466,澳门特区政府卫生局疾病预防及控制中心8日表示,声明,表示
3467,目前累计有141人本地自助餐厅进食,动作,进食
3468,出现食物中毒症状,状态变化,出现
3469,卫生局3日说,声明,说
3470,有14名来自三个群体的港澳人士8月27日至30日期间澳门金沙酒店用餐,动作,用餐
3471,患者出现症状,状态变化,出现
3472,8月23日中午百余名东街村村民参加婚宴,操作,参加婚宴
3473,后出现不适症状,状态变化,出现
3474,多名轻微食物中毒者河南卢氏人民医院内科病房诊治,操作,诊治
3475,截止8月24日早7时医院检查194人,操作,检查
3476,留门诊观察91名村民,操作,观察
3477,已有66人解除症状,状态变化,解除
3478,卢氏县组织卫生工商食监质监动检公安,操作,组织
3479,对该县食品经营单位检查,操作,检查
3480,经三门峡市卢氏县警方调查,操作,调查
3481,目前事件原因调查,操作,调查
3482,长江商报消息,声明,消息
3483,两名女孩抢救,操作,抢救
3484,新华社电记者云南省文山壮族苗族自治州丘北县委宣传部获悉,动作,获悉
3485,19日32名学生疑似食物中毒,紧急情况,疑似食物中毒
3486,目前2人抢救,操作,抢救
3487,其余5人救治,操作,救治
3488,中毒原因调查,操作,调查
3489,京华时报8月27日信息,状态变化,信息
3490,昨天上午北京市海淀区人大附中内一工地部分工人食用扁豆,动作,食用
3491,先后出现症状,状态变化,出现
3492,40多名工人送往海淀医院四季青医院,移动,送往
3493,目前海淀区卫生局调查,操作,调查
3494,当天下午海淀医院收治37名工人,操作,收治
3495,另有10名工人送往四季青医院,移动,送往
3496,海淀医院医生表示,声明,表示
3497,下午3点工作人员赶到海淀医院,移动,赶到
3498,一名江苏籍的工人接受询问,操作,接受询问
3499,当天上午11点左右他们工地吃饭,动作,吃饭
3500,在医院看护的民警说,声明,说
3501,10多名工人出现症状,状态变化,出现
3502,下午2点左右部分工人出现情况,状态变化,出现
3503,工人们的病情控制,操作,控制
3504,海淀区卫生局预警,声明,预警
3505,据新华网4月1日信息,声明,信息
3506,据内蒙古自治区宁城县人民政府4月1日介绍,声明,介绍
3507,3月30日下午宁城县甸子镇黑城村73人食物中毒,紧急情况,食物中毒
3508,目前71人出院,操作,出院
3509,3月30日中午宁城县甸子镇黑城村四组一户农民家中办丧宴,操作,办丧宴
3510,73人出现食物中毒症状,状态变化,出现
3511,经当地医院治疗,操作,治疗
3512,"事件发生后,宁城县委、县政府、公安局、卫生局、医院等部门采取有效措施",动作,采取
3513,迅速展开抢救病人,操作,抢救
3514,已有71人出院,操作,出院
3515,住院2人4月2日出院,操作,出院
3516,新京报9月7日信息,声明,信息
3517,昨日下午北京市昌平区回龙观镇西半壁店村一幼儿园近50名儿童3名老师中毒,紧急情况,中毒
3518,昌平区政府教委卫生局公安救助患者,操作,救助
3519,并将该校负责人厨师控制,操作,控制
3520,目前事件调查,操作,调查
3521,8月27日该校开学,操作,开学
3522,100多名学生返校,移动,返校
3523,大部分孩子学校吃午饭晚饭,动作,吃
3524,两顿厨师制作,操作,制作
3525,昨日下午2时许8名孩子睡午觉,动作,睡午觉
3526,陆续产生症状,状态变化,产生
3527,随后更多人出现不适,状态变化,出现
3528,校方联系医院,操作,联系
3529,昨日下午4时许近50名学生接到沙河医院,动作,接到
3530,另有数十名孩子留在幼儿园内,动作,留在
3531,接受赶来的医生检查,操作,检查
3532,还有3名老师呕吐,动作,呕吐
3533,昨晚8时30分许汉硕双语幼儿教育基地大门紧闭,动作,紧闭
3534,外面停救护车,动作,停
3535,此时孩子们送走,移动,送走
3536,校方工作人员卫生监督所人员询问,动作,询问
3537,昨晚10时许十几名儿童沙河医院观察室内治疗,操作,治疗
3538,据昌平区政府工作人员称,声明,称
3539,他们启动突发事件应急预案,操作,启动
3540,区领导教委、卫生局、疾病控制中心、工商分局、公安局等单位人员前往现场,移动,前往
3541,并对该校全部儿童检查,操作,检查
3542,据该工作人员称,声明,称
3543,调查人员采集用具食品容器,操作,采集
3544,送区疾病预防控制中心,移动,送
3545,全部患者幼儿园用餐,动作,用餐
3546,据昌平区有关部门调查,操作,调查
3547,该公司海淀区注册,操作,注册
3548,食堂厨师来自安徽,移动,来自
3549,在西城区取得上岗证,动作,取得
3550,9月4日进校,移动,进校
3551,目前警方卫生局该公司负责人当事厨师控制,操作,控制
3552,对该校采取行政控制措施,操作,采取
3553,荆楚网6月11日信息,声明,信息
3554,前日下午武昌粮道街“楚街坊”快餐店吃晚饭,动作,吃
3555,多名学生出现食物中毒的症状,状态变化,出现
3556,目前中毒学生增至,状态变化,增至
3557,昨日凌晨武昌卫生执法部门封存快餐店原材料,操作,封存
3558,昨日下午记者来到该快餐店,移动,来到
3559,厨房的冰柜贴上封条,动作,贴上
3560,店老板向某告诉记者,声明,告诉
3561,昨日凌晨执法人员食品原材料抽样,操作,抽样
3562,学生们吃食物,动作,吃
3563,亚硝酸盐中毒,紧急情况,中毒
3564,店里使用正规盐,动作,使用
3565,据武昌区卫生监督所的负责人介绍,声明,介绍
3566,前晚11时许一些湖北美术学院的学生医院治疗,操作,治疗
3567,共有粮道街中学湖北美术学院18名学生中毒,紧急情况,中毒
3568,昨日大部分学生出院,操作,出院
3569,只有少数学生留院观察,操作,留院观察
3570,武昌区疾控中心的有关负责人介绍,声明,介绍
3571,“楚街坊”盐有问题,声明,有问题
3572,但具体情况还要等调查报告出来,操作,出来
3573,15日咸宁市温泉开发区旅宁大酒店食物中毒,紧急情况,食物中毒
3574,至昨日240多人出现中毒迹象,状态变化,出现
3575,15日温泉开发区泉塘村四组一村民和农行咸宁市支行一职工咸宁温泉开发区旅宁大酒店小孩宴会,操作,宴会
3576,当天共有1000名食客前往该酒店,移动,前往
3577,当晚10时许部分食客出现症状,状态变化,出现
3578,至昨日240多人出现中毒症状,状态变化,出现
3579,咸宁市委书记李明波、市长李兵医院看望中毒病人,动作,看望
3580,迅速成立应急指挥部,操作,成立
3581,市政府拿出20万元,动作,拿出
3582,指定四家当地医院接待中毒病人,操作,接待
3583,并通过当地新闻媒体发布消息,声明,发布
3584,同时该市卫生局、疾控中心和公安部门事发酒店查封,操作,查封
3585,并对酒店的食物抽样送检,操作,抽样送检
3586,对酒店所有员工检查,操作,检查
3587,昨日下午3时许天河区小新塘附近的�F安鞋厂出现不适,状态变化,出现
3588,上百人出现食物中毒症状,状态变化,出现
3589,工厂安排车辆,操作,安排
3590,将这些员工送往附近的社区医疗服务中心,移动,送往
3591,医院入院员工治疗,操作,治疗
3592,据现场一位区卫生部门工作人员透露,声明,透露
3593,目前在社区服务中心治疗129人,操作,治疗
3594,中新网西宁3月10日电,声明,电
3595,(胡友军)记者青海省妇女儿童医院青海省人民医院了解,动作,了解
3596,西宁市3月9日疑似食物中毒,紧急情况,疑似食物中毒
3597,截至10日9时22人入院,动作,入院
3598,一名10岁男童一名20岁女子院方下达病危通知书,动作,下达
3599,据事件亲历者高先生介绍,声明,介绍
3600,其妹3月9日16时西宁市城东区德令哈路锦峰大厦举行婚宴,动作,举行
3601,亲朋好友60余人参加宴会,动作,参加
3602,宴席17时30分左右结束,状态变化,结束
3603,19时许18人出现现象,状态变化,出现
3604,16人送往青海省人民医院,移动,送往
3605,2名儿童送往青海省妇女儿童医院,移动,送往
3606,10日清晨4人送往医院,移动,送往
3607,昨天我招呼亲戚朋友,动作,招呼
3608,两家医院救治大夫表示,声明,表示
3609,所有患者救治,操作,救治
3610,目前西宁市公安局城东分局调查,操作,调查
3611,涉事酒店垫付医疗费用,动作,垫付
3612,新华网10月9日信息,声明,信息
3613,哈尔滨市平房区平新镇新华小学40名小学生8日食堂吃午饭,动作,吃
3614,截至9日中午18名小学生住院,操作,住院
3615,这些学生发病,动作,发病
3616,9日上午记者哈尔滨二四二医院儿科病房看到,感知,看到
3617,三四间病房内住着小学生,动作,住着
3618,据哈尔滨二四二医院儿科主任陈松柏介绍,声明,介绍
3619,8日下午4点半到晚7点半该医院接治小学生,操作,接治
3620,医院开通绿色通道,操作,开通
3621,当班医护人员救治,操作,救治
3622,卫生防疫部门现场取样,操作,取样
3623,发病原因调查,操作,调查
3624,截至9日中午22名学生出院,操作,出院
3625,仍有18名学生留院治疗,操作,留院治疗
3626,记者21日鸡西市委宣传部获悉,动作,获悉
3627,18日鸡西市鸡冠区西郊乡团结村村民参加家办婚宴,动作,参加
3628,自19日起到20日16人出现症状,状态变化,出现
3629,1人脱离危险,状态变化,脱离
3630,鸡西市委、市政府重视,动作,重视
3631,市、区两级政府启动应急预案,动作,启动
3632,成立事件处置领导小组,动作,成立
3633,主管副市长任组长,动作,任
3634,要求卫生部门组织专家,声明,要求
3635,公安部门封存剩余酒、饮料等食品,操作,封存
3636,并会同工商、质监、食药、商务等部门酒、饮料等食品的生产及流通等环节调查取证,操作,调查取证
3637,9月4日下午2:2011名学生送进武警总医院儿科,移动,送进
3638,只有病情稍重的两名孩子住院观察,操作,住院观察
3639,据学校负责人介绍,声明,介绍
3640,他们某配餐公司订餐,操作,订
3641,三年级中毒学生小芳说,声明,说
3642,她吃了半碗米饭,动作,吃了
3643,全校共有20余名孩子报告老师,动作,报告
3644,小芳其他10名症状较重的孩子送到武警总医院,移动,送到
3645,医生孩子治疗,操作,治疗
3646,同时输入抗感染液体,动作,输入
3647,并且补充糖盐水,动作,补充
3648,下午3:30孩子们吐食物,动作,吐
3649,据武警总医院儿科主任刘秋玲说,声明,说
3650,已经给中毒的孩子心电图检查,操作,心电图检查
3651,但在近日内家长老师观察孩子,感知,观察
3652,荆楚网-楚天都市报信息,声明,信息
3653,10月17日下午襄樊市襄阳区东津镇一小学学生们吃饭,动作,吃饭
3654,至昨晚中毒学生出院,操作,出院
3655,当晚10时许记者赶到医院,移动,赶到
3656,医生10多名小学生治疗,操作,治疗
3657,当天下午有两同学喊,动作,喊
3658,不久很多同学喊,动作,喊
3659,学校他们带往校医务室和镇卫生院,移动,带往
3660,襄阳区委区政府闻讯,感知,闻讯
3661,迅速将学生们转到市内大医院,移动,转到
3662,共有150余名学生,声明,有
3663,学生们要求在校,声明,要求
3664,中毒学生当日中午吃了食堂的“白菜煮鸭子”,动作,吃了
3665,襄阳区委宣传部称,声明,称
3666,该校13日买鸭子,动作,买
3667,经公安>和卫生部门调查,操作,调查
3668,鸭子腐败变质,状态变化,腐败变质
3669,大公财经3月27日报道,声明,报道
3670,3月25日晚北京市民李芳馨女士大公财经反映,声明,反映
3671,本月20日李女士的孩子洋洋回家,动作,回家
3672,园里的很多孩子出现类似情况,状态变化,出现
3673,幼儿园负责人陈某解释称,声明,解释称
3674,我们孩子们吃的食物送去东城区疾控防疫中心,移动,送去
3675,该负责人接受大公财经记者采访时表示,声明,表示
3676,检验报告出来,状态变化,出来
3677,患儿家长出现同样症状,状态变化,出现
3678,北京东城区疾控中心相关负责人表示,声明,表示
3679,当代MOMA幼儿园食物中毒,紧急情况,食物中毒
3680,现在收到检测样本,动作,收到
3681,检测报告出来,状态变化,出来
3682,大公财经关注此事,动作,关注
3683,昨天下午佛山市南海区里水镇旗峰中学食物中毒,紧急情况,食物中毒
3684,该中学内的小学四、五、六年级500多名学生吃午餐,动作,吃
3685,下午3时左右发生大批学生现象,状态变化,发生
3686,根据记者调查,操作,调查
3687,有200多名小学生送往里水医院沙涌门诊部大沥黄岐,移动,送往
3688,旗峰中学警察封锁,操作,封锁
3689,南海区及里水镇的各级领导赴各个医院,移动,赴
3690,当地卫生防疫监测查找原因,操作,查找
3691,昨晚记者发稿,动作,发稿
3692,南海区委区政府召开新闻发布会,操作,召开
3693,3月30日凌晨两家县级医院接收病人,动作,接收
3694,县卫生局组织卫生监督所监督员疾控中心流调人员,动作,组织
3695,经门诊对症治疗,操作,对症治疗
3696,大部分患者痊愈,状态变化,痊愈
3697,截至3月30日20:004人住院治疗,操作,住院治疗
3698,新华网合肥11月12日电,声明,电
3699,根据安徽省卫生厅11月12日中午通报,声明,通报
3700,11日合肥市一饭店食物中毒,紧急情况,食物中毒
3701,11日中午合肥市枞阳饭店承办宴席,操作,承办
3702,一些就餐者出现症状,状态变化,出现
3703,共造成74人中毒,紧急情况,中毒
3704,39人住院治疗,操作,住院治疗
3705,合肥市卫生局卫生监督所有关负责人说,声明,说
3706,有关部门这一事件调查,操作,调查
3707,尚未出现人员死亡,状态变化,死亡
3708,4月8日晚东莞市桥头镇北京师范大学东莞石竹附属学校79名学生出现食物中毒症状,状态变化,出现
3709,该校106名学生送桥头医院,移动,送
3710,有26名学生疑似食物中毒,紧急情况,疑似食物中毒
3711,截止到昨日下午3名学生发烧,状态变化,发烧
3712,26名学生腹泻,状态变化,腹泻
3713,其余学生症状消失,状态变化,消失
3714,已分批陆续送回学校,移动,送回
3715,3月30日辽宁省锦州市凌海市班吉塔镇小学上百名学生食用一种袋装食品后,动作,食用
3716,集体出现食物中毒现象,状态变化,出现
3717,学校出现症状学生送往医院,移动,送往
3718,3月20日17名员工该食堂进食晚餐,动作,进食
3719,陆续有人出现食物中毒症状,状态变化,出现
3720,于3月21日前往广清医院,移动,前往
3721,市卫生局接报,动作,接报
3722,立即组织市疾控中心市卫生监督所,操作,组织
3723,9月16日下午40余员工出现症状,状态变化,出现
3724,据武警总医院急诊医生介绍,声明,介绍
3725,印刷厂员工出现症状,状态变化,出现
3726,系食用未炒熟的扁豆,动作,食用
3727,现丰台区公安卫生部门调查,操作,调查
3728,新华网呼和浩特9月6日信息,声明,信息
3729,内蒙古自治区巴林左旗一学校9月5日疑似食物中毒,紧急情况,疑似食物中毒
3730,已有90多名学生医院检查,操作,检查
3731,32名学生留院,操作,留
3732,没有1例出现重症,状态变化,出现
3733,9月5日18时52分巴林左旗哈达英格学校学生疑似食物中毒,紧急情况,疑似食物中毒
3734,至21时30分68名学生发病,状态变化,发病
3735,随即被送到医院,移动,送到
3736,巴林左旗卫生局局长邵建国介绍,声明,介绍
3737,6日上午一些身体感到不适的学生送往巴林左旗医院,移动,送往
3738,截至目前有90余名学生医院检查,操作,检查
3739,一些病情稳定的学生出院,操作,出院
3740,留院观察32名,声明,留院观察
3741,由于学生发病,状态变化,发病
3742,巴林左旗启动《食品安全事故应急预案》,操作,启动
3743,成立现场救治指挥领导小组,操作,成立
3744,巴林左旗医院救治中毒学生,操作,救治
3745,赤峰市、巴林左旗两级卫生防疫部门学校食堂各类食品采样,操作,采样
3746,调查食品的进货渠道,操作,调查
3747,目前检验结果出来,状态变化,出来
3748,10日上午9时许至下午4时哈尔滨学院101名学生医院就诊,操作,就诊
3749,无需治疗当时返校,移动,返校
3750,目前10名学生留院观察,操作,留院观察
3751,记者哈尔滨理工大学医院见宋雅君,感知,见
3752,8日晚上学校第二食堂吃一碗面,动作,吃
3753,夜里两点呕吐,动作,呕吐
3754,早上学校送到医院,移动,送到
3755,哈尔滨学院院长葛文君介绍,声明,介绍
3756,10日上午8时许学院得知消息,感知,得知
3757,到医院检查治疗,操作,检查治疗
3758,随后学校哈尔滨市疾控中心报告,声明,报告
3759,同时封闭学校第二食堂,操作,封闭
3760,出现不适的学生9日晚第二食堂用晚饭,动作,用
3761,当晚约2000名学生该食堂就餐,动作,就餐
3762,哈尔滨市疾控中心食堂食物取样,操作,取样
3763,黑龙江省及哈尔滨市有关部门派人,操作,派
3764,到现场了解情况,感知,了解
3765,中新网4月8日报道,声明,报道
3766,新加坡食物中毒,紧急情况,食物中毒
3767,137人食用色拉,动作,食用
3768,其中2人死亡,状态变化,死亡
3769,新加坡卫生部发言人称,声明,称
3770,一名59岁的妇女上周五食用“rojak”,动作,食用
3771,另一名57岁的妇女6日中毒,紧急情况,中毒
3772,在食用有毒色拉,动作,食用
3773,中毒者出现现象,状态变化,出现
3774,新加坡卫生部长称,声明,称
3775,当局彻查事发原因,操作,彻查
3776,目前30多人住院治疗,操作,住院治疗
3777,其余100人中毒,紧急情况,中毒
3778,据中新网2月1日报道,声明,报道
3779,日本宫城县政府1日表示,声明,表示
3780,该县气仙沼市“大岛观光旅馆丸荣”72名客人出现食物中毒症状,状态变化,出现
3781,其中9人检测,操作,检测
3782,旅馆自1日起停业3天,状态变化,停业
3783,据该县政府称,声明,称
3784,这72人上月20日起入住该旅馆,操作,入住
3785,宫城县政府分析,操作,分析
3786,20日旅馆提供晚饭,操作,提供
3787,7月23号凌晨5点30多分华县大明镇高楼村疑似食品中毒,紧急情况,疑似食品中毒
3788,截止昨晚10时20多人出现症状,状态变化,出现
3789,已分别在县人民医院、中医医院治疗,操作,治疗
3790,另有30多人检查,操作,检查
3791,7月22号高和群办理丧事,操作,办理
3792,23号凌晨5点多部分群众出现症状,状态变化,出现
3793,华县县委、县政府重视,操作,重视
3794,立即启动预案,操作,启动
3795,县委书记薛东江指示有关部门,声明,指示
3796,全力开展救治工作,操作,开展
3797,正在南京参加招商活动的杨森明得知,感知,得知
3798,尽快开展救治工作,操作,开展
3799,常务副县长简录民赶赴县医院,移动,赶赴
3800,现场成立工作组,操作,成立
3801,县卫生局全县调配医护资源,操作,调配
3802,全力以赴开展救治工作,操作,开展
3803,确保生命安全,操作,确保
3804,前晚龙华大浪天诚家具公司的多名工人反映称,声明,反映称
3805,他们10日晚食堂食用饭菜,动作,食用
3806,11日上午至中午数十人出现腹痛呕吐的现象,状态变化,出现
3807,有个别身体抽搐,动作,身体抽搐
3808,事发之后大浪街道办龙华疾控中心调查,操作,调查
3809,目前等待官方定性,动作,等待
3810,据天诚家具有限公司的一位不愿具名的工人介绍,声明,介绍
3811,11日上午至中午床垫车间十余名工友肚子痛,状态变化,肚子痛
3812,他所在车间的工人10日晚上家具厂食堂食用饭菜,动作,食用
3813,第二日疑似食物中毒,紧急情况,疑似食物中毒
3814,工人刘小姐介绍,声明,介绍
3815,10日晚上苹果园食堂吃饭,动作,吃
3816,第二天早上头晕腹痛,感知,头晕腹痛
3817,对于食堂出现的疑似中毒现象天诚家具有限公司分管食堂的负责人林先生昨日回应,声明,回应
3818,确有员工出现情况,状态变化,出现
3819,事故出现后我们病人送往龙华人民医院,移动,送往
3820,这些病人经过治疗后好转,状态变化,好转
3821,昨天上午开工,动作,开工
3822,事发之后市场监督局管理所及龙华疾控中心的工作人员调查,操作,调查
3823,目前等待对事故的进一步定性,动作,等待
3824,据新华网4月9日信息,声明,信息
3825,罗马尼亚中部9日36名中学生食物中毒,紧急情况,食物中毒
3826,这些学生食用过期巧克力棒,动作,食用
3827,该县公共卫生局局长西尔维乌・莫拉留9日说,声明,说
3828,多数中毒学生脱离生命危险,状态变化,脱离生命危险
3829,目前5名学生留院观察,操作,留院观察
3830,穆列什县当局已要求卫生部门调查这一事件,操作,调查
3831,2008年2月23日11时左右龙岗区宝龙工业区一间小食店疑似中毒,紧急情况,疑似中毒
3832,附近工厂共有63名员工出现疑似中毒症状,状态变化,出现
3833,其中2人抢救无效,动作,抢救无效
3834,医护人员全力救治,操作,全力救治
3835,截至24日15时42人出院,操作,出院
3836,19人留院治疗,操作,留院治疗
3837,此事已被正式确认亚硝酸盐中毒事件,声明,确认
3838,2月8日新疆伊犁霍城县清水河镇牧场村8名女孩吃饭,动作,吃
3839,其中5人出现食物中毒症状,状态变化,出现
3840,5人目前脱离生命危险,状态变化,脱离生命危险
3841,经伊犁州疾病预防控制中心鉴定,声明,鉴定
3842,5名孩子食用酸菜,动作,食用
3843,伊犁州疾病预防控制中心副主任范德生说,声明,说
3844,他们孩子家发现酸菜,感知,发现
3845,目前他们酸菜原材料的来源调查,操作,调查
3846,2月20日中原网记者通许县官方获悉,动作,获悉
3847,2月17日该县城关镇西仓村一名孤寡老人办丧事,动作,办
3848,数十名村民误食亚硝酸盐,动作,误食
3849,2月13日下午孤寡老人吴志群死亡,状态变化,死亡
3850,事发2月17日,状态变化,发
3851,当天村里组织村民,操作,组织
3852,给天志群办丧事,动作,办
3853,一名做饭的大家炖一锅菜,操作,炖
3854,吃完饭后前来帮忙的58人出现情况,状态变化,出现
3855,随后被陆续送往当地一家医院,移动,送往
3856,3月10日凌晨西宁市委、市政府接报,动作,接报
3857,城东区疑似食物中毒,紧急情况,疑似食物中毒
3858,市主要领导重视,动作,重视
3859,要求医院和相关部门做好患者救治工作,动作,要求
3860,"省委常委、市委书记毛小兵,副市长、市公安局局长张谦,副市长王彤及城东区委区政府、市食品药品监督等部门负责人赶赴省人民医院和省儿童医院",移动,赶赴
3861,看望慰问24名患者,动作,看望慰问
3862,安抚病人家属,动作,安抚
3863,表达党和政府的高度关切,动作,表达
3864,在省人民医院急诊中心治疗室毛小兵询问医院治疗和病人康复情况,动作,询问
3865,听到所有病人生命体征稳定、无生命危险,感知,听到
3866,他来到病床前,移动,来到
3867,仔细了解病情,动作,了解
3868,党和政府重视,动作,重视
3869,积极配合治疗,动作,配合
3870,看望3名儿童患者,动作,看望
3871,毛小兵鼓励孩子们,动作,鼓励
3872,好好配合治疗,动作,配合
3873,在现场毛小兵听取情况汇报,动作,听取
3874,各相关部门启动应急预案,操作,启动
3875,积极组织抢救,操作,组织
3876,迅速稳定病情,动作,稳定
3877,各项工作给予肯定,动作,给予
3878,对医护人员的辛勤救治工作感谢,动作,感谢
3879,截至发稿前24名患者治疗,操作,治疗
3880,其余病患医院观察,感知,观察
3881,羊城晚报梅州信息:记者黄蔚山、通讯员连乐报道,声明,报道
3882,12月24日傍晚广东省梅州市东山中学群体性感染疾病,紧急情况,群体性感染疾病
3883,从晚上6点多钟至深夜12点左右二十多位学生送往梅州市急救中心,移动,送往
3884,梅州市政府以及卫生教育等部门的负责人守候医院的大门,动作,守候
3885,并成立应急小组,操作,成立
3886,昨晚张伟顺打点滴,动作,打点滴
3887,24日上午他肚子疼,感知,肚子疼
3888,至晚上六七点钟不适,感知,不适
3889,近两天他学校的校区食堂用餐,动作,用餐
3890,高一(40)班的刘某泰说,声明,说
3891,23日晚上他高一校区食堂吃肉菜,动作,吃
3892,直到24日晚上入院,操作,入院
3893,才知道该校高一级有多位同学送往医院,移动,送往
3894,至今日凌晨1时记者了解,感知,了解
3895,病房中住进20位疑似食物中毒的患者,动作,住进
3896,医院其它科室几位同学入院就诊,操作,入院就诊
3897,新华网莫斯科7月29日信息,声明,信息
3898,"据俄塔社29日报道,位于俄罗斯西伯利亚中部的克拉斯诺亚尔斯克边疆区28日食物中毒",紧急情况,食物中毒
3899,93名儿童送往医院,移动,送往
3900,在此疗养的93名儿童出现食物中毒症状,状态变化,出现
3901,已被送往附近医院,移动,送往
3902,这些儿童用晚餐,动作,用
3903,警方这起儿童食物中毒事件调查,操作,调查
3904,三秦都市报记者张军建记者华林杜鹏报道,声明,报道
3905,7月26号中午沈老先生家人亲戚21人渭南市三贤庄餐饮有限责任公司用过寿餐,动作,用过
3906,下午有6人出现疑似中毒症状,状态变化,出现
3907,截止今天(27号)下午一名10岁儿童出院,操作,出院
3908,还有5名患者医院观察治疗,操作,观察治疗
3909,他们生命危险,状态变化,生命危险
3910,当地卫生监督部门调查此事,操作,调查
3911,深圳比亚迪公司2月23日63名员工疑似食物中毒,紧急情况,疑似食物中毒
3912,目前已造成2人死亡,状态变化,死亡
3913,截至24日19人留院治疗,操作,留院治疗
3914,另外42人出院,操作,出院
3915,所有患者医护人员救治,操作,救治
3916,中新网南昌3月19日电,声明,电
3917,(王姣)中新网记者19日江西萍乡市委宣传部证实,动作,证实
3918,18日下午16时30多名职工食物中毒,紧急情况,食物中毒
3919,事发后当地政府组织人员,动作,组织
3920,凡是吃过艾米古(清明果)的职工接到当地老关镇卫生院,移动,接到
3921,部分职工身体中毒,紧急情况,中毒
3922,当地政府派出专门车辆,动作,派出
3923,将中毒人员送往萍乡市医院湘东区医院,移动,送往
3924,安排工作人员医院,动作,安排
3925,为患者协调服务,动作,协调服务
3926,目前就医人员脱离,状态变化,脱离
3927,中新社9月22日信息,声明,信息
3928,广西北海市旅游质量监督管理所相关负责人22日透露,声明,透露
3929,2个来自湖南的旅游观光团共79人21日北海市一酒楼用午餐,动作,用
3930,其中24人出现疑似食物中毒症状,状态变化,出现
3931,遂被送往当地医院,移动,送往
3932,接治部分病患的北海市博铧医院证实,声明,证实
3933,这些观光客诊断,操作,诊断
3934,食物中毒存在半个小时至6个小时潜伏期,状态变化,存在
3935,目前尚无法确定具体原因,感知,确定
3936,病情较重的唐姓观光客介绍,声明,介绍
3937,她参加的这个观光共有38人20日抵达北海,移动,抵达
3938,这位观光客称,声明,称
3939,21日中午她所在的观光团与另一个同样来自湖南的观光团北海市一酒楼用午餐,动作,用
3940,随后几名同伴出现症状,状态变化,出现
3941,这位观光客说,声明,说
3942,她所在的观光团共有九个人出现症状,状态变化,出现
3943,21日下午病,状态变化,病
3944,送往北海市人民医院,移动,送往
3945,他们9人转到该市博铧医院,移动,转到
3946,在博铧医院接受治疗的病患有五名病患21日晚间出院,操作,出院
3947,余下的四名病患称,声明,称
3948,由于不喜欢海鲜,声明,喜欢
3949,他们21日中午吃小白菜及豆角等蔬菜,动作,吃
3950,北海市相关部门负责人第一时间赶往医院,移动,赶往
3951,地接的当地旅行承诺,动作,承诺
3952,对此次食中毒事件的医疗费用负责,动作,负责
3953,生食物中毒的观光客出院,操作,出院
3954,今天下午顺义北部一家在建工地百名工人午饭后出现症状,状态变化,出现
3955,多辆救护车其送往医院,移动,送往
3956,工人吃时觉得,感知,觉得
3957,新华社太原2007年8月16日信息,声明,信息
3958,16日2时山西新绛县海泉中学74名学生出现食物中毒症状,动作,出现
3959,陆续被送到当地医院,移动,送到
3960,目前仍有20余名学生医院观察,操作,观察
3961,近日起部分学生开学,操作,开学
3962,16日2时许74名高中学生出现症状,状态变化,出现
3963,之后被送往新绛县两所医院,移动,送往
3964,8时许新绛县卫生局和防疫部门调查,操作,调查
3965,初步认定为学生食物中毒,紧急情况,食物中毒
3966,随即对学校的饭厅查封,操作,查封
3967,山西省教育厅体卫处负责人告诉记者,声明,告诉
3968,目前多数学生离院,移动,离
3969,20余名学生观察治疗,操作,观察治疗
3970,卫生部门发病学生采样,操作,采样
3971,山西省教育厅全省学校通报,声明,通报
3972,并全面排查隐患,操作,排查
